,Category 1,Category 2,Category 3,Category 4,Category 5,Category 6,Category 7,Category 8,Category 9,Category 10,Cluster
0,0.93,1.8,2.29,0.62,0.8,2.42,3.19,2.79,1.82,2.42,Cluster 2
1,1.02,2.2,2.66,0.64,1.42,3.18,3.21,2.63,1.86,2.32,Cluster 2
2,1.22,0.8,0.54,0.53,0.24,1.54,3.18,2.8,1.31,2.5,Cluster 0
3,0.45,1.8,0.29,0.57,0.46,1.52,3.18,2.96,1.57,2.86,Cluster 0
4,0.51,1.2,1.18,0.57,1.54,2.02,3.18,2.78,1.18,2.54,Cluster 2
5,0.99,1.28,0.72,0.27,0.74,1.26,3.17,2.89,1.66,3.66,Cluster 0
6,0.9,1.36,0.26,0.32,0.86,1.58,3.17,2.66,1.22,3.22,Cluster 0
7,0.74,1.4,0.22,0.41,0.82,1.5,3.17,2.81,1.54,2.88,Cluster 0
8,1.12,1.76,1.04,0.64,0.82,2.14,3.18,2.79,1.41,2.54,Cluster 2
9,0.7,1.36,0.22,0.26,1.5,1.54,3.17,2.82,2.24,3.12,Cluster 0
10,1.47,1.0,0.7,0.75,1.66,2.76,3.18,2.89,1.66,2.62,Cluster 2
11,0.96,2.96,0.29,0.38,0.88,2.08,3.17,2.93,1.66,3.42,Cluster 2
12,0.74,1.44,2.75,0.45,0.98,1.74,3.2,2.87,1.38,2.34,Cluster 1
13,0.58,1.64,2.27,0.45,1.26,1.72,3.19,2.91,2.3,2.74,Cluster 1
14,0.96,1.68,2.29,0.51,1.2,2.84,3.2,2.82,2.02,2.46,Cluster 2
15,1.25,2.52,1.76,0.5,1.46,2.08,3.19,2.74,1.41,2.32,Cluster 2
16,0.86,1.04,1.76,0.34,0.06,1.1,3.18,2.73,1.15,2.98,Cluster 0
17,0.61,1.96,2.49,0.66,1.34,1.78,3.2,3.04,1.15,2.42,Cluster 1
18,0.67,1.36,1.36,0.38,0.82,3.38,3.18,2.86,1.79,2.8,Cluster 2
19,0.8,1.04,2.1,0.58,1.18,1.98,3.19,2.93,1.22,2.48,Cluster 1
20,0.86,1.44,1.12,0.41,1.2,2.18,3.18,2.7,1.06,2.94,Cluster 2
21,0.96,1.44,0.14,0.42,1.06,2.08,3.17,2.74,1.15,3.22,Cluster 2
22,0.93,1.16,0.29,0.41,1.02,1.36,3.16,2.74,1.34,3.66,Cluster 0
23,0.54,1.44,0.3,0.41,1.02,1.46,3.17,2.71,1.73,3.04,Cluster 0
24,1.22,0.96,1.15,0.54,1.1,2.02,3.18,2.77,1.92,2.46,Cluster 1
25,0.61,2.84,2.8,0.48,0.56,1.52,3.19,2.54,1.6,2.54,Cluster 1
26,0.77,1.68,2.24,0.75,1.28,2.64,3.19,2.57,1.34,2.38,Cluster 2
27,0.99,1.28,1.22,0.59,0.94,1.9,3.18,2.79,1.22,2.4,Cluster 1
28,0.58,1.2,0.18,0.38,0.54,0.76,3.17,2.69,1.63,2.94,Cluster 0
29,0.64,1.16,3.12,0.45,1.84,3.16,3.2,2.75,1.54,2.46,Cluster 2
30,0.74,1.28,2.14,0.5,0.94,2.26,3.2,2.78,1.5,2.34,Cluster 2
31,0.7,2.24,2.32,0.63,0.72,2.12,3.19,2.65,1.28,2.42,Cluster 1
32,0.64,2.0,1.6,0.41,2.08,2.22,3.19,2.8,1.76,2.72,Cluster 2
33,1.06,1.12,0.21,0.58,0.98,2.5,3.18,2.9,1.92,2.74,Cluster 2
34,0.96,1.16,0.45,0.29,0.98,1.42,3.18,2.94,2.02,3.02,Cluster 0
35,0.88,0.96,1.18,0.43,0.74,1.52,3.18,3.01,1.63,2.94,Cluster 1
36,0.7,1.28,1.15,0.32,0.4,1.1,3.18,2.78,1.76,2.9,Cluster 0
37,1.02,1.36,0.91,0.5,0.72,1.22,3.18,2.91,1.92,3.2,Cluster 0
38,0.7,1.52,2.37,0.62,0.86,1.68,3.2,2.86,1.6,2.58,Cluster 1
39,1.38,1.08,0.18,0.62,0.14,1.46,3.18,2.88,1.66,2.42,Cluster 0
40,0.99,1.24,0.15,0.24,1.38,1.98,3.17,2.61,1.02,3.06,Cluster 0
41,0.58,1.48,0.19,0.41,0.5,0.98,3.16,2.74,1.57,3.38,Cluster 0
42,0.67,1.24,0.61,0.24,1.06,1.9,3.18,2.82,1.25,2.88,Cluster 1
43,1.02,2.0,0.42,0.56,0.46,2.06,3.18,2.86,2.05,2.66,Cluster 0
44,0.64,1.64,0.34,0.62,0.64,2.22,3.18,3.1,1.98,2.8,Cluster 2
45,1.7,1.4,0.61,0.39,0.7,1.46,3.17,2.9,1.82,3.38,Cluster 0
46,0.38,1.08,0.77,0.34,1.06,1.46,3.18,3.15,2.18,3.22,Cluster 0
47,0.9,1.2,1.24,0.35,0.88,1.86,3.18,2.86,1.47,2.94,Cluster 1
48,0.45,2.96,0.26,0.4,0.56,1.68,3.18,2.9,1.44,2.72,Cluster 0
49,0.61,1.08,2.22,0.65,1.2,2.06,3.19,2.62,1.31,2.34,Cluster 1
50,1.02,1.2,0.3,0.38,1.1,1.9,3.17,2.93,1.34,3.42,Cluster 0
51,0.42,1.48,2.06,0.48,0.96,1.4,3.18,2.71,1.76,2.86,Cluster 1
52,0.8,1.88,0.66,0.47,2.54,2.18,3.18,2.59,1.89,3.02,Cluster 2
53,1.02,0.64,1.12,0.51,0.8,1.82,3.18,2.82,1.5,2.56,Cluster 1
54,1.02,1.2,0.37,0.58,0.54,1.7,3.17,2.78,1.66,3.42,Cluster 0
55,0.61,1.68,0.46,0.37,0.86,1.1,3.17,2.94,1.31,3.12,Cluster 0
56,0.8,1.16,2.43,0.54,1.06,2.28,3.19,2.86,1.44,2.48,Cluster 2
57,0.93,1.48,0.78,0.39,0.7,1.7,3.18,2.82,1.41,2.88,Cluster 1
58,0.64,1.2,2.27,0.64,1.42,2.83,3.2,2.79,1.47,2.38,Cluster 2
59,0.83,1.4,1.23,0.64,1.2,2.54,3.18,2.81,1.6,2.54,Cluster 2
60,1.06,1.92,3.11,0.55,1.46,3.24,3.2,2.62,1.28,2.34,Cluster 2
61,1.98,0.96,0.18,0.45,0.16,0.82,3.18,3.03,1.02,2.78,Cluster 0
62,0.9,1.12,0.22,0.45,0.32,1.1,3.18,2.82,2.08,2.96,Cluster 0
63,0.51,1.6,0.37,0.42,0.48,1.36,3.18,3.1,1.34,3.04,Cluster 0
64,1.41,1.12,0.68,0.37,1.14,1.76,3.18,2.9,1.5,3.01,Cluster 1
65,1.47,0.72,0.53,0.62,0.48,1.9,3.18,2.78,1.63,2.88,Cluster 0
66,0.99,1.28,2.32,0.43,0.16,1.06,3.18,2.79,1.09,3.34,Cluster 1
67,0.93,1.0,0.61,0.5,0.8,1.52,3.18,2.77,1.28,2.94,Cluster 0
68,0.51,1.08,1.92,0.34,1.04,1.3,3.18,2.8,1.09,2.88,Cluster 1
69,0.54,1.44,0.72,0.48,0.7,1.36,3.18,2.74,1.5,2.54,Cluster 0
70,1.6,0.8,0.38,0.67,0.5,1.5,3.18,2.82,1.28,2.46,Cluster 0
71,0.83,1.04,2.94,0.96,0.88,1.86,3.2,2.82,1.25,2.34,Cluster 1
72,0.74,2.24,0.14,0.47,1.22,1.88,3.17,2.81,1.98,2.58,Cluster 0
73,0.9,1.08,2.48,0.41,0.82,1.78,3.18,2.83,1.41,3.46,Cluster 1
74,1.31,1.36,1.47,0.56,0.78,2.0,3.19,2.86,1.63,2.42,Cluster 1
75,0.99,2.96,1.71,0.45,1.36,1.96,3.19,2.69,1.38,2.32,Cluster 2
76,1.28,1.12,1.04,0.42,0.7,1.3,3.18,2.81,1.86,3.36,Cluster 0
77,0.8,1.76,2.53,0.65,1.04,2.22,3.19,2.79,1.63,2.46,Cluster 2
78,0.83,1.08,0.67,0.35,0.54,1.06,3.17,2.78,1.25,3.06,Cluster 0
79,0.7,1.04,0.19,0.47,0.78,2.42,3.17,2.7,1.12,2.98,Cluster 2
80,2.08,0.92,0.8,0.4,0.54,1.7,3.17,3.07,1.54,3.42,Cluster 1
81,0.74,1.32,0.93,0.46,0.66,1.82,3.18,2.83,1.86,2.54,Cluster 1
82,0.7,1.52,0.45,1.65,0.32,0.86,3.17,2.62,2.05,3.04,Cluster 0
83,1.25,0.92,0.86,0.58,0.66,1.98,3.18,2.88,1.12,2.66,Cluster 1
84,1.92,0.28,1.12,0.5,0.88,1.96,3.18,2.96,1.86,2.58,Cluster 1
85,0.74,1.84,0.24,0.34,0.8,1.66,3.17,2.87,1.5,3.34,Cluster 0
86,0.7,0.76,0.72,1.1,0.42,1.54,3.18,2.69,1.41,2.56,Cluster 0
87,0.64,1.08,0.19,0.39,0.5,0.9,3.17,2.79,1.18,3.12,Cluster 0
88,0.64,2.36,0.14,1.68,1.02,1.76,3.18,2.71,1.22,2.42,Cluster 0
89,0.67,2.08,1.04,0.54,0.74,1.64,3.18,2.86,1.57,2.64,Cluster 1
90,1.38,1.12,0.72,0.53,0.88,1.36,3.18,2.81,1.79,3.26,Cluster 0
91,0.56,1.16,0.13,0.49,0.54,0.9,3.17,2.91,1.54,2.64,Cluster 0
92,1.1,2.04,2.45,0.54,1.44,2.28,3.19,2.74,1.63,2.42,Cluster 2
93,0.64,1.2,2.27,0.64,1.42,2.83,3.2,2.79,1.47,2.38,Cluster 2
94,0.99,2.0,2.13,0.64,1.82,2.6,3.19,2.67,1.5,2.46,Cluster 2
95,1.12,0.96,0.3,0.46,0.56,1.92,3.18,2.98,1.22,2.94,Cluster 0
96,0.9,1.44,2.34,0.55,0.94,2.14,3.19,2.79,1.79,2.82,Cluster 1
97,0.9,0.56,1.38,0.37,0.8,1.9,3.18,2.91,1.41,2.54,Cluster 1
98,1.02,0.88,2.67,0.53,1.02,1.78,3.19,2.86,2.14,2.78,Cluster 1
99,0.67,1.6,0.21,0.47,2.16,1.96,3.17,2.86,3.04,3.1,Cluster 2
100,0.9,0.96,0.38,0.5,0.78,2.1,3.18,2.9,1.79,2.82,Cluster 2
101,0.64,1.12,0.4,0.37,0.64,1.12,3.18,2.94,1.76,3.06,Cluster 0
102,0.99,2.12,1.41,0.65,0.96,2.94,3.19,2.82,1.41,2.42,Cluster 2
103,0.88,1.2,0.16,0.45,0.5,1.0,3.18,2.67,1.79,2.86,Cluster 0
104,1.47,0.84,0.64,0.39,0.32,1.18,3.17,2.9,1.73,3.46,Cluster 0
105,0.86,0.88,2.85,0.39,0.42,1.54,3.2,2.73,1.7,2.46,Cluster 1
106,1.07,0.56,0.93,0.53,1.3,2.62,3.18,2.94,2.27,2.74,Cluster 2
107,0.99,1.2,0.38,0.43,0.8,1.1,3.16,2.74,1.15,3.42,Cluster 0
108,1.76,0.04,0.43,0.39,1.5,1.62,3.17,2.8,0.96,3.18,Cluster 0
109,0.8,2.16,1.12,0.53,1.54,2.34,3.18,2.83,2.24,2.78,Cluster 2
110,0.9,1.8,1.25,0.67,0.86,1.86,3.19,2.96,2.46,2.98,Cluster 1
111,0.9,1.08,1.65,0.34,0.7,1.44,3.18,2.85,1.15,2.86,Cluster 1
112,0.9,1.84,0.51,0.66,1.04,1.78,3.18,2.79,1.86,2.54,Cluster 0
113,0.35,1.36,1.41,0.49,1.1,1.5,3.18,3.04,1.28,2.48,Cluster 1
114,0.83,1.04,2.94,0.96,0.88,1.86,3.2,2.82,1.25,2.34,Cluster 1
115,1.15,1.28,0.18,0.61,0.7,2.3,3.18,3.01,1.73,2.34,Cluster 2
116,0.64,1.72,1.25,0.51,0.72,2.04,3.19,2.83,1.76,2.4,Cluster 1
117,0.61,1.32,0.78,0.54,1.12,1.74,3.18,2.78,1.79,2.94,Cluster 1
118,0.54,1.2,1.17,0.45,1.04,1.38,3.18,2.58,1.82,2.94,Cluster 1
119,1.06,1.6,1.1,0.43,0.86,1.84,3.18,2.7,0.96,3.18,Cluster 1
120,0.86,1.96,1.25,0.56,1.66,2.9,3.18,2.82,1.44,2.5,Cluster 2
121,0.77,1.04,0.26,0.66,1.42,2.0,3.18,2.82,1.6,2.64,Cluster 2
122,0.93,2.68,1.3,0.42,1.42,2.22,3.19,2.58,1.31,2.38,Cluster 2
123,1.98,0.48,0.75,0.69,0.88,2.62,3.18,2.86,1.54,2.38,Cluster 2
124,0.74,1.52,1.38,0.59,1.1,2.0,3.18,2.72,1.47,2.74,Cluster 1
125,0.64,1.36,0.19,0.46,0.78,1.58,3.18,2.79,1.31,2.82,Cluster 0
126,0.51,1.44,0.42,0.33,0.74,1.3,3.18,2.77,1.18,2.98,Cluster 0
127,1.06,1.68,1.02,0.66,0.72,2.02,3.18,2.81,1.41,2.56,Cluster 1
128,1.09,1.48,0.99,0.35,1.12,1.78,3.17,2.89,1.31,3.34,Cluster 1
129,0.54,1.2,0.45,0.39,0.88,1.66,3.18,2.7,1.57,2.78,Cluster 0
130,0.9,0.88,1.52,0.46,0.8,1.48,3.18,2.71,0.99,2.88,Cluster 1
131,0.83,1.68,1.14,0.51,1.66,2.78,3.18,2.85,1.7,2.54,Cluster 2
132,0.93,1.64,1.73,0.55,1.46,1.98,3.18,2.74,1.89,2.94,Cluster 1
133,0.38,1.28,1.54,0.62,1.7,2.16,3.18,3.02,1.31,2.5,Cluster 2
134,0.51,1.64,0.27,0.3,0.78,1.86,3.17,2.69,2.5,3.34,Cluster 0
135,0.8,0.96,0.73,0.61,1.1,2.82,3.18,2.99,2.14,2.54,Cluster 2
136,1.15,1.72,1.62,0.61,0.78,1.94,3.19,3.02,1.47,2.54,Cluster 1
137,0.51,1.16,1.66,0.53,1.58,1.9,3.18,2.85,1.28,2.88,Cluster 1
138,0.96,1.4,0.74,0.37,0.86,1.98,3.18,2.8,1.44,3.06,Cluster 1
139,1.09,1.32,0.74,0.39,0.5,1.06,3.18,3.01,1.86,3.2,Cluster 0
140,0.74,1.28,0.26,0.3,1.14,1.96,3.17,2.93,1.73,3.34,Cluster 0
141,0.8,1.12,0.19,0.46,0.82,1.48,3.18,2.82,1.7,2.96,Cluster 0
142,0.86,1.96,0.61,0.42,1.22,1.86,3.17,2.7,1.22,3.1,Cluster 2
143,0.61,1.04,0.34,0.45,0.22,1.9,3.18,2.71,2.37,2.62,Cluster 0
144,0.9,1.4,0.19,0.59,1.04,1.88,3.17,3.06,2.21,3.02,Cluster 0
145,0.96,2.96,0.29,0.38,0.88,2.08,3.17,2.93,1.66,3.42,Cluster 2
146,1.09,0.6,0.19,0.61,1.62,2.44,3.18,2.74,1.38,2.46,Cluster 2
147,0.8,1.24,1.98,0.67,1.38,2.42,3.19,3.12,1.5,2.62,Cluster 2
148,0.86,1.28,1.01,0.55,1.26,2.12,3.18,2.86,1.92,2.94,Cluster 2
149,0.77,1.52,1.33,0.51,1.34,2.46,3.18,2.8,1.6,2.54,Cluster 2
150,1.18,1.12,1.01,0.39,1.2,2.02,3.18,2.93,1.47,3.1,Cluster 1
151,0.74,1.64,0.18,0.55,0.94,2.0,3.18,2.74,1.5,2.98,Cluster 0
152,0.64,1.6,0.21,0.54,0.62,1.22,3.18,2.85,1.44,2.66,Cluster 0
153,0.64,1.56,0.22,0.57,0.5,2.02,3.18,2.66,1.34,2.78,Cluster 0
154,1.09,1.44,0.22,0.37,0.34,1.94,3.18,2.73,1.66,2.62,Cluster 0
155,1.02,1.16,1.22,0.29,0.94,1.66,3.18,2.8,2.08,3.42,Cluster 1
156,0.9,1.64,0.32,0.5,1.34,2.02,3.18,3.06,1.57,2.86,Cluster 2
157,2.05,1.12,0.7,0.37,0.5,1.04,3.17,2.77,1.98,3.44,Cluster 0
158,1.18,2.04,1.89,0.5,1.66,2.18,3.19,2.83,1.41,2.34,Cluster 2
159,1.06,1.76,1.02,0.27,0.24,1.16,3.18,2.63,1.28,3.36,Cluster 0
160,0.58,1.12,1.57,0.45,0.78,1.5,3.18,2.77,1.44,2.9,Cluster 1
161,1.15,1.08,0.51,0.37,0.34,0.98,3.17,2.58,2.21,3.36,Cluster 0
162,0.9,1.84,0.51,0.66,1.04,1.78,3.18,2.79,1.86,2.54,Cluster 0
163,0.7,1.28,0.93,0.47,0.54,1.58,3.18,2.82,1.76,2.98,Cluster 1
164,0.8,1.16,1.09,0.23,0.82,1.5,3.18,2.78,0.93,2.88,Cluster 1
165,0.9,1.64,0.21,0.5,0.3,1.68,3.18,2.91,1.44,2.74,Cluster 0
166,0.7,0.8,2.56,0.5,1.1,1.5,3.19,2.86,1.47,2.38,Cluster 1
167,0.61,1.04,0.83,0.46,0.82,1.86,3.18,2.9,2.18,2.54,Cluster 1
168,0.67,2.04,2.82,0.51,0.9,1.66,3.2,2.85,1.5,2.34,Cluster 1
169,0.7,1.28,1.49,0.46,0.58,1.46,3.18,2.97,1.73,2.86,Cluster 1
170,0.93,1.16,0.26,0.51,1.42,2.4,3.18,2.97,2.18,2.8,Cluster 2
171,1.9,0.4,0.45,0.48,0.7,1.06,3.18,2.98,1.22,2.48,Cluster 0
172,0.74,1.96,0.14,0.65,0.4,0.98,3.18,2.73,1.22,2.78,Cluster 0
173,1.06,1.28,0.22,0.49,0.74,1.24,3.17,2.94,1.6,3.28,Cluster 0
174,0.96,1.08,0.8,0.66,0.72,2.02,3.18,2.86,1.57,3.26,Cluster 1
175,0.42,1.88,0.26,1.05,1.06,2.1,3.18,2.86,1.15,2.62,Cluster 2
176,1.02,1.16,0.78,0.41,1.1,2.0,3.18,3.01,1.38,3.26,Cluster 1
177,0.99,1.08,0.93,0.41,0.62,1.46,3.18,2.97,1.73,2.94,Cluster 0
178,0.7,0.96,0.22,0.47,0.46,2.12,3.18,2.89,1.7,2.98,Cluster 0
179,0.77,1.24,0.21,0.54,0.88,1.42,3.18,2.86,1.76,2.88,Cluster 0
180,0.58,1.44,0.19,0.53,0.24,0.94,3.18,3.29,2.18,2.9,Cluster 0
181,0.8,1.2,1.25,0.43,1.78,2.62,3.18,2.75,1.6,2.7,Cluster 2
182,1.28,1.48,1.42,0.61,0.96,1.98,3.18,2.81,1.6,2.48,Cluster 1
183,1.38,1.12,1.8,0.37,0.82,1.16,3.18,2.69,1.22,3.3,Cluster 1
184,1.06,1.04,2.5,0.56,1.78,2.8,3.2,2.72,2.18,2.54,Cluster 2
185,0.96,1.2,0.36,0.43,0.22,2.8,3.18,2.85,1.98,2.64,Cluster 2
186,0.58,1.12,0.27,0.47,1.42,2.14,3.18,2.78,1.44,2.72,Cluster 2
187,1.41,1.32,0.19,0.56,0.32,1.56,3.18,3.07,1.41,3.06,Cluster 0
188,1.02,1.04,1.33,0.61,0.86,2.4,3.19,2.89,1.63,2.46,Cluster 2
189,0.93,0.6,0.18,0.33,0.32,1.1,3.17,2.94,1.28,3.04,Cluster 0
190,0.51,1.08,2.48,0.57,0.66,1.8,3.19,2.58,1.38,2.32,Cluster 1
191,0.83,1.32,1.89,0.65,1.28,1.7,3.19,2.75,1.76,2.66,Cluster 1
192,1.7,0.64,0.43,0.41,0.9,1.7,3.16,2.85,1.7,3.52,Cluster 0
193,0.9,1.56,0.22,0.35,1.26,1.96,3.16,2.74,2.05,3.44,Cluster 2
194,0.34,1.16,0.18,0.4,1.18,1.86,3.18,2.82,1.76,2.86,Cluster 0
195,0.8,1.0,0.22,0.34,0.94,1.4,3.17,2.94,1.41,2.96,Cluster 0
196,0.7,1.04,1.41,0.31,0.62,1.5,3.18,2.65,1.31,3.04,Cluster 1
197,1.28,0.68,2.06,0.38,1.58,2.48,3.19,2.74,1.57,2.5,Cluster 2
198,0.64,1.48,0.99,0.31,0.64,1.3,3.18,3.01,1.57,3.26,Cluster 0
199,1.25,2.16,0.22,1.79,0.9,1.76,3.18,2.77,1.7,2.4,Cluster 0
200,1.06,1.28,2.5,0.62,1.66,3.02,3.19,2.89,1.79,2.78,Cluster 2
201,1.12,1.56,0.38,0.55,0.66,2.1,3.18,2.85,1.73,2.96,Cluster 2
202,0.7,0.92,2.77,0.54,0.98,1.58,3.2,2.74,1.47,2.34,Cluster 1
203,1.06,1.12,0.22,0.39,0.7,1.46,3.18,2.91,1.82,2.82,Cluster 0
204,0.83,0.88,0.82,0.42,0.62,1.74,3.18,2.93,1.02,2.7,Cluster 1
205,0.99,2.08,0.27,0.33,0.14,0.82,3.18,2.73,1.38,2.78,Cluster 0
206,0.99,1.28,0.19,0.27,0.54,2.22,3.18,2.71,1.73,2.62,Cluster 0
207,0.8,0.84,0.24,0.5,0.56,1.44,3.18,2.94,1.89,2.94,Cluster 0
208,0.77,0.88,1.71,0.48,0.7,1.08,3.18,2.54,1.15,2.58,Cluster 1
209,1.06,1.12,0.98,0.21,1.1,1.38,3.17,2.88,1.02,3.26,Cluster 1
210,0.54,1.44,1.31,0.32,1.18,1.48,3.18,2.79,1.31,3.3,Cluster 1
211,0.93,1.36,1.94,0.34,0.9,2.36,3.19,2.78,1.5,2.82,Cluster 2
212,0.83,2.04,0.42,0.51,0.7,2.12,3.18,2.66,1.6,2.98,Cluster 2
213,0.51,1.32,0.24,0.38,0.42,1.3,3.18,2.79,1.34,2.58,Cluster 0
214,0.61,1.56,0.16,0.37,0.38,0.94,3.17,2.94,1.22,3.46,Cluster 0
215,0.7,1.28,1.66,0.49,1.68,2.68,3.19,2.77,1.7,2.54,Cluster 2
216,0.61,1.52,0.18,0.26,0.8,1.4,3.17,2.77,1.22,3.04,Cluster 0
217,0.9,1.2,0.5,0.45,0.64,1.54,3.18,2.71,1.38,2.3,Cluster 0
218,1.02,0.72,1.2,0.47,1.9,2.98,3.18,2.79,1.31,2.38,Cluster 2
219,0.9,0.88,2.05,0.45,1.36,2.0,3.18,2.87,1.38,2.86,Cluster 1
220,0.77,1.08,0.29,0.58,1.38,2.54,3.18,2.87,1.6,2.88,Cluster 2
221,1.25,1.12,1.47,0.41,0.26,1.22,3.18,2.73,1.12,3.22,Cluster 0
222,1.15,2.32,2.4,0.5,1.12,1.54,3.19,2.8,1.63,2.4,Cluster 1
223,0.93,1.32,0.14,0.47,0.54,1.56,3.17,2.86,1.6,3.04,Cluster 0
224,0.61,1.2,2.05,0.61,1.3,3.06,3.19,2.79,1.57,2.42,Cluster 2
225,1.02,1.96,0.27,0.35,1.18,1.46,3.17,2.73,1.47,3.34,Cluster 0
226,0.9,2.24,0.27,1.78,1.3,1.42,3.18,2.75,1.18,2.46,Cluster 0
227,0.67,1.2,1.39,0.41,1.26,1.7,3.18,2.82,1.25,2.82,Cluster 1
228,0.54,2.96,0.58,0.57,0.78,1.7,3.18,2.91,1.28,3.3,Cluster 0
229,0.61,1.04,1.98,0.55,1.34,1.96,3.19,2.94,1.15,2.38,Cluster 1
230,0.61,1.0,0.22,0.58,1.1,1.42,3.18,3.14,2.11,2.8,Cluster 0
231,0.58,1.44,2.1,0.64,1.92,2.18,3.2,3.04,1.12,2.42,Cluster 2
232,0.83,1.96,0.51,0.31,0.74,1.16,3.18,2.7,1.02,3.02,Cluster 0
233,0.48,1.96,0.24,0.35,0.46,1.62,3.18,2.7,1.28,2.74,Cluster 0
234,0.61,0.84,0.15,0.38,2.38,2.12,3.18,2.97,1.34,2.14,Cluster 2
235,0.34,1.16,0.18,0.4,1.18,1.86,3.18,2.82,1.76,2.86,Cluster 0
236,1.41,1.08,1.34,0.65,1.6,2.14,3.18,2.81,1.15,3.14,Cluster 2
237,0.58,1.84,0.22,0.73,0.98,2.14,3.18,2.99,1.44,2.96,Cluster 2
238,0.96,0.88,1.02,0.64,1.18,2.24,3.18,2.78,1.12,2.7,Cluster 2
239,2.08,0.48,0.18,0.15,0.1,0.14,3.18,2.95,1.15,3.6,Cluster 0
240,0.7,0.92,2.77,0.54,0.98,1.58,3.2,2.74,1.47,2.34,Cluster 1
241,1.25,2.48,1.76,0.54,1.76,2.38,3.19,2.81,1.6,2.32,Cluster 2
242,0.74,1.6,1.2,0.56,0.32,1.02,3.19,2.72,2.69,2.58,Cluster 0
243,0.74,1.84,1.02,0.41,0.46,1.14,3.18,2.75,2.5,3.12,Cluster 0
244,0.83,1.56,0.22,0.23,0.32,0.88,3.17,2.89,2.4,3.02,Cluster 0
245,0.64,1.2,0.98,0.42,0.82,1.6,3.18,2.88,1.63,2.88,Cluster 1
246,1.33,0.52,0.22,0.46,0.3,0.86,3.18,2.93,1.66,2.8,Cluster 0
247,1.5,1.96,2.08,2.73,1.12,2.94,3.2,2.63,1.63,2.46,Cluster 2
248,0.96,0.64,0.67,0.33,0.98,1.34,3.17,2.94,1.15,3.14,Cluster 0
249,0.34,1.16,0.18,0.4,1.18,1.86,3.18,2.82,1.76,2.86,Cluster 0
250,0.51,1.0,1.57,0.56,1.58,1.82,3.18,2.81,1.22,2.66,Cluster 1
251,0.67,1.16,0.26,0.39,0.78,1.58,3.18,2.94,1.6,2.94,Cluster 0
252,0.51,1.28,2.0,0.4,0.48,2.08,3.19,2.56,1.15,2.4,Cluster 1
253,0.58,1.2,2.05,0.71,0.5,2.28,3.19,2.66,1.66,2.4,Cluster 1
254,0.61,2.4,0.64,0.42,0.16,1.62,3.18,2.59,1.89,2.78,Cluster 0
255,1.09,1.76,0.67,0.54,1.36,1.92,3.17,2.67,2.43,3.28,Cluster 2
256,0.9,0.88,0.29,0.39,0.86,1.54,3.17,2.98,1.41,3.36,Cluster 0
257,0.93,1.96,0.22,1.62,1.38,1.98,3.18,2.74,1.57,2.4,Cluster 2
258,2.22,0.24,1.09,0.48,0.24,1.12,3.18,3.06,1.41,2.72,Cluster 0
259,0.61,1.32,1.62,0.72,1.68,1.78,3.18,2.54,1.31,2.42,Cluster 1
260,0.77,0.72,1.07,0.53,0.88,2.14,3.19,2.85,1.79,2.62,Cluster 1
261,0.96,1.44,1.09,0.63,1.18,3.12,3.19,3.1,2.05,2.72,Cluster 2
262,1.58,0.88,0.29,0.53,0.82,1.86,3.18,3.02,1.73,2.78,Cluster 0
263,0.61,1.72,1.74,0.51,1.42,2.06,3.19,3.13,2.46,2.78,Cluster 2
264,1.06,1.2,0.48,0.41,0.8,1.66,3.17,2.94,1.28,3.5,Cluster 0
265,1.22,1.36,1.33,0.59,1.18,2.24,3.19,2.77,1.66,2.46,Cluster 2
266,1.12,1.16,2.3,0.5,1.44,2.36,3.2,2.82,1.86,2.38,Cluster 2
267,1.09,1.96,1.17,0.59,0.8,1.94,3.19,2.82,1.95,2.72,Cluster 1
268,0.45,1.4,0.22,0.45,0.64,1.7,3.18,2.64,2.18,2.78,Cluster 0
269,0.77,1.52,1.28,0.48,1.5,2.5,3.18,2.86,1.47,2.46,Cluster 2
270,0.8,1.64,0.29,0.42,1.38,2.2,3.17,2.93,1.25,3.26,Cluster 2
271,0.58,1.28,1.15,0.54,0.46,1.46,3.18,3.04,1.41,2.78,Cluster 1
272,0.7,1.12,1.92,0.64,1.82,1.9,3.19,2.66,0.96,2.46,Cluster 1
273,0.77,1.6,2.86,0.56,1.34,2.46,3.2,2.97,1.34,2.56,Cluster 2
274,1.15,1.76,1.33,2.91,0.74,1.9,3.18,2.78,1.38,2.72,Cluster 1
275,0.93,1.0,0.22,0.38,0.8,1.52,3.16,2.74,1.38,3.52,Cluster 0
276,0.83,1.68,1.55,0.5,0.8,1.86,3.18,2.82,1.5,2.42,Cluster 1
277,0.83,1.24,0.38,0.49,1.54,2.38,3.18,3.04,2.18,2.82,Cluster 2
278,1.12,1.56,0.14,0.48,0.4,0.82,3.18,2.63,0.9,2.78,Cluster 0
279,0.99,0.36,0.22,0.46,1.5,1.94,3.18,2.83,1.47,2.66,Cluster 0
280,1.15,1.28,1.68,0.51,0.94,1.8,3.18,2.74,1.06,3.1,Cluster 1
281,0.51,1.2,1.07,0.49,1.14,2.04,3.18,3.22,1.47,2.82,Cluster 1
282,0.58,1.84,2.18,0.59,1.02,1.58,3.19,2.8,1.6,2.66,Cluster 1
283,0.74,1.28,1.36,0.66,1.26,2.48,3.18,2.83,1.28,2.64,Cluster 2
284,0.9,1.52,0.32,0.59,0.62,2.08,3.17,2.78,1.66,2.96,Cluster 0
285,0.51,1.44,0.26,0.48,0.34,0.82,3.18,2.86,1.73,2.88,Cluster 0
286,0.93,1.76,0.58,2.25,2.0,2.44,3.18,2.67,1.22,2.42,Cluster 2
287,0.77,1.96,0.93,0.61,0.66,1.6,3.18,2.67,3.14,2.8,Cluster 1
288,1.18,1.2,0.99,0.46,1.3,1.86,3.17,2.82,0.86,3.62,Cluster 1
289,0.96,1.32,0.56,0.42,0.98,2.06,3.17,2.82,1.18,3.3,Cluster 2
290,1.09,1.12,2.35,0.54,1.3,2.64,3.19,2.87,1.47,2.54,Cluster 2
291,1.09,1.16,0.35,0.41,0.66,1.34,3.17,2.72,1.41,3.14,Cluster 0
292,0.67,1.52,0.35,0.3,1.06,1.38,3.18,2.89,1.28,2.96,Cluster 0
293,0.77,0.76,0.8,0.49,0.46,1.34,3.18,3.26,1.82,2.66,Cluster 0
294,0.58,1.2,0.18,0.38,0.54,0.76,3.17,2.69,1.63,2.94,Cluster 0
295,0.67,0.84,0.82,1.11,0.56,1.4,3.18,2.73,1.47,2.56,Cluster 0
296,0.7,1.28,0.26,0.51,1.06,1.6,3.18,2.65,1.41,2.8,Cluster 0
297,0.77,1.16,1.62,0.57,0.56,1.4,3.18,2.78,1.12,2.54,Cluster 1
298,1.79,0.88,1.42,0.39,0.72,1.78,3.19,2.85,1.63,2.42,Cluster 1
299,0.8,1.92,0.35,0.48,0.74,2.18,3.19,2.83,1.89,2.58,Cluster 2
300,0.61,1.12,0.22,0.53,0.58,1.2,3.17,2.82,1.63,3.12,Cluster 0
301,0.42,1.16,2.22,0.64,0.88,1.26,3.19,2.82,1.25,2.5,Cluster 1
302,0.74,0.96,2.27,0.61,0.5,1.26,3.19,2.82,1.6,2.56,Cluster 1
303,0.61,1.4,0.27,0.41,0.88,1.34,3.18,2.86,1.73,2.88,Cluster 0
304,1.02,1.04,1.97,0.5,0.64,2.74,3.18,2.77,1.86,2.64,Cluster 2
305,0.83,1.64,0.35,0.56,0.78,1.48,3.18,2.63,1.41,2.66,Cluster 0
306,1.02,1.28,0.77,0.47,1.06,2.48,3.18,2.86,1.73,2.94,Cluster 2
307,0.7,1.48,2.43,0.58,1.82,2.38,3.2,3.02,2.72,2.48,Cluster 2
308,1.55,0.0,0.24,0.74,0.22,1.38,3.18,3.22,1.28,2.58,Cluster 0
309,0.51,1.2,2.19,0.64,0.88,2.24,3.19,2.58,1.41,2.32,Cluster 1
310,0.51,1.76,0.22,0.49,0.66,1.46,3.18,2.77,2.4,2.74,Cluster 0
311,0.54,1.52,0.24,0.37,0.74,1.5,3.18,2.89,1.76,3.04,Cluster 0
312,0.38,1.16,1.65,0.45,1.1,1.3,3.18,2.83,1.22,2.62,Cluster 1
313,0.77,1.48,1.19,0.49,1.58,2.5,3.18,2.85,1.6,2.5,Cluster 2
314,0.58,1.8,0.7,0.53,1.52,2.22,3.18,2.78,1.98,2.98,Cluster 2
315,1.09,0.76,0.93,0.47,0.58,1.94,3.18,2.8,2.02,2.64,Cluster 1
316,0.96,1.32,2.05,0.47,1.6,2.24,3.19,2.75,1.79,2.62,Cluster 2
317,0.67,1.28,0.14,0.43,1.02,1.62,3.17,2.88,1.47,2.82,Cluster 0
318,0.74,1.0,2.77,0.53,0.4,1.46,3.19,2.8,1.34,2.46,Cluster 1
319,0.93,1.2,0.18,0.25,0.54,1.46,3.16,2.97,1.22,3.42,Cluster 0
320,1.02,1.0,0.27,0.39,0.98,1.82,3.18,3.09,1.6,2.88,Cluster 0
321,1.09,1.0,0.77,0.43,0.42,1.62,3.18,2.98,2.27,3.36,Cluster 0
322,3.22,1.84,0.22,0.53,0.9,2.46,3.19,2.69,1.57,2.72,Cluster 2
323,0.48,1.16,0.21,0.33,0.26,0.86,3.18,2.98,1.25,2.7,Cluster 0
324,0.45,1.2,0.86,0.51,0.7,1.4,3.18,2.95,1.44,2.48,Cluster 0
325,0.96,0.88,1.63,0.56,1.52,2.54,3.19,2.74,1.28,2.48,Cluster 2
326,0.54,1.6,2.33,0.54,1.26,2.08,3.2,2.97,2.5,2.42,Cluster 1
327,0.86,1.72,1.2,0.56,1.74,3.24,3.18,2.78,1.5,2.4,Cluster 2
328,1.41,1.96,1.23,0.51,0.42,2.26,3.18,2.77,1.18,2.32,Cluster 2
329,0.8,1.16,1.2,0.56,1.02,2.1,3.19,3.05,1.22,2.56,Cluster 1
330,0.74,1.44,0.24,0.34,1.98,1.62,3.17,2.88,3.17,3.22,Cluster 0
331,0.67,1.36,1.9,0.45,1.46,1.86,3.18,2.69,0.99,2.74,Cluster 1
332,1.47,0.72,0.53,0.62,0.48,1.9,3.18,2.78,1.63,2.88,Cluster 0
333,0.7,0.76,0.18,0.73,0.96,2.54,3.18,2.71,1.6,2.54,Cluster 2
334,0.74,1.84,0.16,0.62,0.24,0.96,3.18,2.62,1.57,2.42,Cluster 0
335,0.74,1.08,1.57,0.63,1.98,1.78,3.18,2.81,1.28,2.72,Cluster 1
336,0.48,1.88,1.82,0.4,1.3,1.7,3.18,2.7,1.09,2.8,Cluster 1
337,0.38,1.32,0.46,0.5,0.56,0.98,3.17,2.82,1.02,3.44,Cluster 0
338,0.77,1.36,0.43,0.54,1.72,2.91,3.18,2.94,1.86,2.58,Cluster 2
339,1.57,1.28,0.83,0.49,0.48,1.38,3.18,2.88,1.44,2.86,Cluster 0
340,0.77,2.2,1.3,0.46,1.78,2.88,3.18,2.88,1.6,2.46,Cluster 2
341,0.64,1.52,1.89,0.63,1.36,2.26,3.2,2.97,2.62,2.38,Cluster 2
342,0.99,1.52,1.68,0.35,1.42,1.86,3.18,2.97,1.47,3.12,Cluster 1
343,1.25,1.24,2.3,0.49,0.74,2.16,3.2,2.82,1.73,2.42,Cluster 1
344,0.7,0.96,0.74,0.5,1.04,2.12,3.18,2.66,0.9,3.06,Cluster 2
345,0.58,1.2,0.16,0.35,0.62,0.98,3.17,2.87,1.66,3.02,Cluster 0
346,0.93,1.88,0.48,0.59,1.26,1.94,3.18,2.93,2.4,2.66,Cluster 2
347,0.54,1.32,0.96,0.41,0.8,1.48,3.18,2.95,1.86,2.7,Cluster 1
348,0.67,1.08,2.9,0.48,1.1,1.94,3.2,2.94,1.15,2.32,Cluster 1
349,0.8,1.12,2.3,0.63,1.46,2.74,3.19,2.78,1.22,2.4,Cluster 2
350,1.57,0.92,1.06,0.39,0.16,2.1,3.18,2.71,1.54,2.98,Cluster 1
351,0.99,1.12,0.24,0.42,0.32,1.58,3.18,2.95,1.63,2.78,Cluster 0
352,1.18,0.88,1.33,0.29,0.96,2.88,3.19,2.96,1.92,2.56,Cluster 2
353,0.58,0.88,0.88,0.42,0.26,1.14,3.18,3.07,1.41,3.26,Cluster 0
354,0.83,1.48,0.88,0.29,0.82,1.4,3.17,2.72,1.06,3.36,Cluster 0
355,0.86,1.04,0.56,0.81,0.7,0.92,3.17,2.75,1.22,3.06,Cluster 0
356,0.54,1.36,0.24,1.04,1.12,1.8,3.18,2.89,1.57,2.56,Cluster 0
357,1.09,1.36,2.02,0.55,0.18,0.54,3.18,2.83,1.28,3.12,Cluster 0
358,0.67,0.96,0.37,0.54,1.6,2.52,3.18,3.25,2.3,2.7,Cluster 2
359,1.76,1.2,1.3,0.3,0.38,0.94,3.18,2.62,1.15,3.14,Cluster 0
360,0.58,1.48,0.19,0.56,0.16,1.26,3.18,2.82,1.66,2.7,Cluster 0
361,1.09,1.6,1.3,0.53,1.82,2.26,3.18,2.8,1.6,2.54,Cluster 2
362,0.99,2.0,2.13,0.64,1.82,2.6,3.19,2.67,1.5,2.46,Cluster 2
363,0.83,1.16,0.16,0.37,0.72,1.28,3.17,3.01,1.41,3.28,Cluster 0
364,0.46,1.96,0.86,0.55,1.44,2.18,3.18,3.17,1.41,2.88,Cluster 2
365,1.12,2.12,1.62,0.61,0.98,2.02,3.19,2.73,1.28,2.5,Cluster 1
366,1.31,0.88,0.77,0.59,1.3,1.9,3.18,2.79,1.98,2.46,Cluster 1
367,0.74,1.0,0.22,0.56,1.14,1.88,3.18,3.04,1.73,2.72,Cluster 0
368,0.93,1.0,1.7,0.45,0.86,1.6,3.18,2.94,1.09,2.7,Cluster 1
369,0.58,1.2,0.19,0.53,1.3,2.66,3.18,2.7,1.22,2.48,Cluster 2
370,1.02,0.92,1.54,0.3,0.7,1.58,3.18,2.82,1.7,3.26,Cluster 1
371,0.35,1.36,2.25,0.46,1.1,1.52,3.19,2.73,1.89,2.94,Cluster 1
372,1.47,1.04,1.01,1.68,1.3,2.12,3.18,2.79,1.5,2.66,Cluster 2
373,1.79,1.04,1.74,0.69,1.46,2.58,3.19,2.86,1.41,2.5,Cluster 2
374,0.74,1.24,0.72,0.53,1.12,1.66,3.18,2.94,2.05,2.88,Cluster 1
375,0.9,1.84,2.46,0.67,0.86,2.36,3.2,2.9,1.86,2.4,Cluster 2
376,1.41,0.96,1.94,0.64,1.82,2.8,3.19,2.71,1.6,2.54,Cluster 2
377,0.7,2.96,0.43,0.5,1.12,1.92,3.17,2.94,1.31,3.26,Cluster 2
378,0.77,0.96,0.29,0.54,0.78,1.22,3.18,2.94,1.38,2.64,Cluster 0
379,0.48,1.68,0.27,0.51,1.3,2.06,3.18,2.66,1.92,2.78,Cluster 2
380,0.67,1.48,0.51,0.24,0.54,1.06,3.17,3.02,1.5,3.2,Cluster 0
381,0.64,1.6,0.3,0.17,0.54,1.3,3.17,2.99,1.76,3.22,Cluster 0
382,0.86,1.6,0.19,0.87,1.12,1.66,3.18,2.95,1.5,2.7,Cluster 0
383,0.83,2.0,1.82,0.33,0.66,1.24,3.18,2.87,1.57,2.8,Cluster 1
384,0.64,1.2,0.14,0.22,0.1,0.38,3.17,2.85,1.15,3.2,Cluster 0
385,0.8,1.48,2.16,0.69,1.38,2.56,3.19,2.66,1.41,2.42,Cluster 2
386,0.8,2.0,1.22,0.54,1.44,2.46,3.18,2.82,1.44,2.46,Cluster 2
387,1.06,0.84,0.16,0.61,1.04,1.98,3.18,2.78,1.44,2.5,Cluster 0
388,0.8,1.48,0.42,0.57,0.64,1.76,3.18,2.7,1.7,2.98,Cluster 0
389,0.64,1.76,0.16,0.65,0.64,1.48,3.18,2.74,1.02,2.98,Cluster 0
390,0.8,1.96,1.44,0.5,0.82,2.46,3.19,2.97,1.57,2.66,Cluster 2
391,0.83,1.24,0.58,0.29,0.58,1.34,3.17,2.66,1.5,3.22,Cluster 0
392,0.96,1.96,1.31,0.63,1.3,2.5,3.19,3.13,1.86,2.58,Cluster 2
393,0.86,0.96,0.19,0.5,0.54,1.36,3.18,2.91,1.34,2.9,Cluster 0
394,1.76,0.56,1.33,0.37,0.94,2.18,3.18,3.14,1.63,3.34,Cluster 1
395,0.74,1.4,1.65,0.48,1.44,1.86,3.19,2.87,1.5,2.46,Cluster 1
396,1.15,1.4,1.38,0.43,0.98,1.66,3.18,2.66,1.02,3.3,Cluster 1
397,1.57,1.96,1.12,0.49,0.78,1.98,3.18,2.86,1.06,2.66,Cluster 1
398,0.74,1.16,0.5,0.26,0.5,1.18,3.17,2.89,1.63,2.98,Cluster 0
399,0.77,1.64,1.39,0.41,0.78,1.98,3.18,2.86,1.98,2.64,Cluster 1
400,0.9,1.04,0.27,0.48,0.9,1.74,3.18,3.05,1.6,2.86,Cluster 0
401,0.77,1.12,1.84,0.57,0.9,2.18,3.19,2.94,1.44,2.54,Cluster 1
402,0.8,1.16,0.18,0.78,1.04,1.66,3.18,2.97,1.86,2.94,Cluster 0
403,0.45,1.52,0.16,0.47,0.58,1.08,3.17,2.7,1.73,3.04,Cluster 0
404,0.96,1.96,1.97,0.56,1.34,1.92,3.19,2.74,1.82,2.72,Cluster 1
405,1.06,1.76,1.42,0.63,1.38,2.18,3.18,2.75,1.54,2.56,Cluster 2
406,0.64,1.08,1.74,0.43,0.78,1.74,3.18,2.77,1.41,2.8,Cluster 1
407,0.8,1.12,2.3,0.63,1.46,2.74,3.19,2.78,1.22,2.4,Cluster 2
408,1.18,2.8,1.94,0.45,0.56,2.1,3.19,2.66,2.34,2.48,Cluster 1
409,0.64,1.72,2.4,0.61,1.6,2.46,3.2,2.91,2.53,2.34,Cluster 2
410,0.7,1.24,1.01,0.33,1.1,1.74,3.18,2.74,1.57,2.88,Cluster 1
411,0.96,1.88,0.22,0.56,1.34,2.5,3.18,2.83,1.44,2.54,Cluster 2
412,0.74,2.72,1.76,0.54,0.98,1.78,3.19,2.66,1.22,2.34,Cluster 1
413,1.44,2.6,1.55,0.91,0.3,2.12,3.18,2.7,1.54,2.5,Cluster 1
414,0.9,1.24,0.34,0.53,0.74,2.78,3.18,2.87,2.05,2.62,Cluster 2
415,0.58,1.24,2.77,0.63,0.86,2.62,3.2,2.78,1.47,2.4,Cluster 2
416,0.77,1.8,0.61,0.31,0.56,1.7,3.18,3.15,1.57,2.98,Cluster 0
417,0.86,1.48,0.14,0.29,0.3,0.66,3.16,2.93,1.06,3.5,Cluster 0
418,0.64,1.24,0.26,0.43,0.9,1.54,3.17,2.89,1.25,3.2,Cluster 0
419,1.39,1.52,1.47,0.66,1.76,3.24,3.19,2.87,1.73,2.42,Cluster 2
420,0.8,1.56,3.03,0.43,1.12,2.06,3.2,2.64,1.5,2.4,Cluster 1
421,1.12,1.0,0.9,0.37,0.62,1.6,3.18,2.61,2.11,2.74,Cluster 1
422,0.51,2.92,0.16,1.58,1.54,2.0,3.18,2.74,0.96,2.46,Cluster 2
423,0.64,1.6,0.24,0.42,0.94,1.42,3.18,3.07,1.6,3.04,Cluster 0
424,0.64,1.6,1.23,0.37,1.36,2.34,3.18,2.86,0.86,3.04,Cluster 2
425,1.97,0.4,0.22,0.78,0.66,2.06,3.18,2.85,1.54,2.58,Cluster 0
426,1.02,2.48,1.7,0.41,1.5,2.04,3.19,2.78,1.41,2.38,Cluster 2
427,0.7,1.28,0.35,0.32,0.96,1.22,3.17,2.9,1.89,3.18,Cluster 0
428,0.9,1.32,0.19,0.45,0.42,1.3,3.17,2.73,1.25,3.12,Cluster 0
429,1.02,1.2,0.3,0.38,1.1,1.9,3.17,2.93,1.34,3.42,Cluster 0
430,0.42,0.88,2.03,0.66,0.64,2.44,3.18,2.95,1.34,3.12,Cluster 2
431,0.99,1.36,1.09,0.67,1.36,2.86,3.18,2.96,1.79,2.74,Cluster 2
432,0.74,2.0,1.66,0.49,1.62,1.76,3.18,2.54,1.47,2.42,Cluster 1
433,1.31,2.64,1.73,0.58,2.06,2.58,3.19,2.71,1.47,2.32,Cluster 2
434,0.83,2.32,1.26,0.47,1.66,2.4,3.19,2.73,1.22,2.4,Cluster 2
435,1.12,1.44,0.26,0.43,0.3,1.66,3.18,2.89,1.54,2.94,Cluster 0
436,0.54,1.36,0.32,0.46,1.02,1.48,3.17,2.88,1.44,3.44,Cluster 0
437,1.06,1.08,0.13,2.11,0.32,2.5,3.18,2.78,1.98,2.5,Cluster 2
438,0.48,1.56,0.29,0.49,0.56,2.12,3.18,3.13,1.5,2.66,Cluster 0
439,0.8,0.72,0.22,0.64,0.34,1.82,3.18,2.77,1.34,2.54,Cluster 0
440,0.93,1.28,0.93,0.46,0.42,1.5,3.18,2.7,1.86,2.98,Cluster 0
441,0.77,1.2,0.19,0.42,0.3,1.26,3.17,2.63,1.15,3.34,Cluster 0
442,0.77,1.4,0.19,0.43,0.58,2.22,3.17,2.75,1.54,2.82,Cluster 2
443,1.06,1.36,0.32,0.5,1.62,2.28,3.17,2.89,1.7,3.54,Cluster 2
444,0.72,0.96,1.57,0.62,1.58,1.86,3.18,2.82,1.25,2.72,Cluster 1
445,1.25,0.96,0.43,0.19,0.58,1.06,3.17,2.7,1.18,3.06,Cluster 0
446,0.7,2.88,1.09,0.48,0.88,2.24,3.18,2.78,1.15,2.46,Cluster 2
447,0.74,1.12,1.54,0.29,0.7,1.62,3.18,2.91,1.22,3.02,Cluster 1
448,0.61,1.04,1.42,0.45,1.12,2.42,3.18,2.82,1.47,2.64,Cluster 2
449,0.86,1.0,0.93,0.43,1.38,2.06,3.18,2.91,1.22,2.5,Cluster 2
450,0.42,1.08,0.42,0.4,0.86,1.02,3.18,2.86,2.43,3.02,Cluster 0
451,0.54,1.08,0.74,0.57,0.62,1.3,3.18,2.74,1.5,2.54,Cluster 0
452,1.09,0.92,1.01,0.45,0.98,1.9,3.18,2.83,2.08,2.66,Cluster 1
453,0.67,1.36,1.9,0.49,0.98,2.84,3.18,2.74,1.6,2.56,Cluster 2
454,1.22,0.92,1.04,0.57,0.48,1.36,3.18,2.75,1.76,2.98,Cluster 0
455,0.96,1.68,1.18,0.29,1.36,2.34,3.18,2.7,1.02,3.04,Cluster 2
456,0.96,0.68,0.45,0.46,0.64,1.66,3.18,2.67,1.47,2.4,Cluster 0
457,0.9,1.04,0.3,0.56,0.32,1.14,3.18,2.8,1.22,2.5,Cluster 0
458,0.9,1.04,2.0,0.53,1.28,2.38,3.19,2.75,1.66,2.4,Cluster 2
459,0.7,1.96,0.61,0.48,0.7,1.4,3.18,2.75,1.25,2.8,Cluster 0
460,0.67,1.2,0.9,0.5,1.14,2.14,3.18,3.2,1.31,2.82,Cluster 2
461,0.99,1.24,0.15,0.24,1.38,1.98,3.17,2.61,1.02,3.06,Cluster 0
462,0.83,1.32,0.24,0.54,1.18,2.22,3.18,2.78,1.41,2.8,Cluster 2
463,0.99,1.24,1.58,0.46,0.26,2.34,3.18,3.07,1.76,3.04,Cluster 1
464,1.78,1.04,0.72,0.61,0.46,1.68,3.18,2.88,1.47,2.42,Cluster 0
465,0.74,1.32,2.05,0.64,1.18,2.26,3.19,3.04,1.34,2.62,Cluster 2
466,1.55,1.16,0.66,0.3,0.5,1.34,3.18,2.67,1.22,3.3,Cluster 0
467,0.7,1.36,0.29,0.65,0.78,1.38,3.18,3.38,1.82,2.74,Cluster 0
468,1.31,0.96,0.86,0.4,0.88,1.54,3.17,2.78,1.41,3.44,Cluster 1
469,1.09,1.4,0.29,0.48,0.22,2.22,3.17,2.77,1.31,3.22,Cluster 0
470,0.74,1.08,2.26,0.38,1.2,2.22,3.2,2.42,1.38,2.58,Cluster 2
471,0.74,1.28,0.3,0.43,1.06,1.58,3.17,2.95,1.7,3.14,Cluster 0
472,0.58,1.48,0.21,0.46,0.4,1.28,3.17,2.72,1.95,3.22,Cluster 0
473,0.72,1.52,0.19,0.85,1.26,1.74,3.18,2.94,1.28,2.74,Cluster 0
474,0.96,1.08,1.86,0.32,0.58,1.3,3.18,2.63,1.22,3.12,Cluster 1
475,1.38,1.12,1.92,0.64,0.62,2.32,3.19,2.94,1.76,2.48,Cluster 1
476,0.64,1.16,1.89,0.4,0.56,1.24,3.18,2.82,1.09,3.18,Cluster 1
477,0.8,1.12,1.16,0.32,0.38,1.04,3.18,2.62,1.18,3.06,Cluster 0
478,0.83,0.84,2.59,0.85,1.1,2.62,3.19,2.69,1.6,2.62,Cluster 2
479,0.77,1.16,1.36,0.42,3.3,2.78,3.18,2.58,1.22,2.94,Cluster 2
480,0.64,0.6,1.06,0.53,0.7,1.5,3.18,2.66,1.86,2.64,Cluster 1
481,0.42,1.36,1.49,0.71,1.06,1.68,3.19,2.86,1.25,2.56,Cluster 1
482,1.38,1.28,0.22,0.55,0.26,0.9,3.18,2.74,1.31,3.04,Cluster 0
483,0.58,2.96,1.9,0.53,1.44,2.24,3.19,3.18,2.18,2.7,Cluster 2
484,0.83,1.72,1.88,0.51,1.42,2.64,3.19,2.9,1.76,2.54,Cluster 2
485,0.7,1.2,1.42,0.27,0.46,1.58,3.18,2.66,1.09,2.8,Cluster 1
486,0.96,1.28,0.21,0.62,0.72,2.44,3.18,2.94,1.38,2.7,Cluster 2
487,0.7,1.0,0.18,0.57,2.58,2.34,3.17,3.06,1.98,2.96,Cluster 2
488,1.18,1.32,0.62,0.31,1.06,1.74,3.17,2.91,1.25,3.38,Cluster 1
489,0.99,0.92,0.32,0.79,0.78,1.78,3.18,2.77,1.98,2.62,Cluster 0
490,1.38,1.12,1.8,0.37,0.82,1.16,3.18,2.69,1.22,3.3,Cluster 1
491,1.18,1.28,0.26,0.33,1.1,1.36,3.17,3.03,1.76,3.38,Cluster 0
492,0.7,1.16,0.14,0.39,0.9,1.18,3.17,2.79,1.15,2.96,Cluster 0
493,1.09,2.64,2.54,0.53,0.7,2.18,3.19,2.79,1.6,2.34,Cluster 2
494,0.93,2.2,0.35,0.57,0.46,1.58,3.18,2.78,2.21,2.74,Cluster 0
495,0.77,1.36,0.18,0.39,1.3,2.1,3.16,2.95,1.02,3.5,Cluster 2
496,0.51,0.88,0.26,0.48,0.96,1.42,3.17,2.88,1.02,3.04,Cluster 0
497,0.61,1.24,2.32,0.51,1.04,2.58,3.19,2.75,1.6,2.46,Cluster 2
498,0.77,1.16,2.13,0.45,1.3,1.74,3.18,2.96,1.47,2.94,Cluster 1
499,0.9,1.12,0.67,0.5,1.38,2.1,3.18,2.98,1.41,2.86,Cluster 2
500,0.96,2.0,1.94,0.51,1.02,1.7,3.19,2.7,1.7,2.38,Cluster 1
501,2.72,1.96,1.39,0.32,1.06,2.46,3.18,2.86,1.15,2.86,Cluster 2
502,0.9,1.08,2.48,0.41,0.82,1.78,3.18,2.83,1.41,3.46,Cluster 1
503,0.64,1.28,0.48,0.35,0.7,1.58,3.18,3.01,2.18,2.98,Cluster 0
504,0.99,1.04,0.35,0.58,0.74,2.22,3.18,2.99,1.5,2.78,Cluster 2
505,2.5,2.0,0.24,0.51,0.8,1.78,3.17,2.89,1.54,3.12,Cluster 0
506,0.86,1.04,1.31,0.48,0.56,1.78,3.18,3.05,2.05,2.62,Cluster 1
507,0.7,1.0,1.78,0.64,2.98,2.36,3.18,2.74,1.15,2.5,Cluster 2
508,0.86,0.76,1.06,0.51,2.62,2.34,3.18,2.81,1.09,2.7,Cluster 2
509,1.12,2.04,0.19,0.33,0.26,1.36,3.17,3.07,1.34,3.18,Cluster 0
510,1.22,1.16,2.18,0.55,1.38,2.52,3.19,2.66,1.92,2.54,Cluster 2
511,0.96,1.2,0.19,0.33,0.66,1.24,3.16,2.94,1.28,3.62,Cluster 0
512,0.67,1.24,0.96,0.53,0.78,1.44,3.18,2.9,1.6,2.88,Cluster 1
513,0.77,1.88,2.43,0.65,1.06,3.12,3.2,2.69,2.11,2.4,Cluster 2
514,0.86,1.2,0.35,0.42,0.96,1.72,3.17,2.57,0.96,3.06,Cluster 0
515,0.9,1.0,2.84,0.5,1.28,2.14,3.2,2.97,1.54,2.54,Cluster 1
516,1.31,0.0,0.26,0.72,0.96,1.16,3.18,2.9,2.14,2.88,Cluster 0
517,0.64,1.04,2.03,0.53,1.6,1.9,3.18,2.9,1.12,2.88,Cluster 1
518,0.96,1.28,0.22,0.37,0.82,2.14,3.18,2.62,1.34,2.8,Cluster 2
519,0.77,1.08,0.3,0.55,1.06,2.26,3.18,3.23,1.73,2.66,Cluster 2
520,0.51,1.36,0.13,0.33,0.7,1.02,3.18,2.89,1.63,2.7,Cluster 0
521,0.86,1.04,1.89,0.61,1.46,2.3,3.19,2.77,1.92,2.62,Cluster 2
522,0.51,1.08,2.48,0.57,0.66,1.8,3.19,2.58,1.38,2.32,Cluster 1
523,0.74,0.96,0.26,0.42,0.86,1.54,3.17,2.86,1.63,3.04,Cluster 0
524,0.7,1.64,2.46,0.57,1.46,2.54,3.2,2.95,1.89,2.38,Cluster 2
525,0.86,1.36,1.68,0.49,1.3,3.04,3.19,2.7,1.31,2.78,Cluster 2
526,0.7,1.12,1.23,0.49,1.52,2.34,3.18,2.78,1.76,2.66,Cluster 2
527,0.77,1.4,0.16,0.59,0.94,1.94,3.18,3.06,1.41,2.66,Cluster 0
528,1.34,1.64,0.37,0.39,0.58,1.94,3.18,2.72,1.66,2.94,Cluster 0
529,0.53,0.96,0.18,0.58,0.66,1.4,3.18,2.95,1.5,2.42,Cluster 0
530,0.86,0.6,0.24,0.64,0.94,1.7,3.18,2.78,1.44,2.34,Cluster 0
531,1.12,0.16,0.19,0.69,0.62,1.44,3.18,2.9,1.73,2.46,Cluster 0
532,0.83,1.2,1.25,0.56,1.04,2.02,3.18,2.66,1.86,2.66,Cluster 1
533,0.8,1.08,1.45,0.45,0.98,1.7,3.18,2.9,1.09,3.02,Cluster 1
534,0.9,0.88,1.84,0.41,0.72,2.0,3.18,2.66,1.06,2.82,Cluster 1
535,0.58,1.12,1.57,0.45,0.78,1.5,3.18,2.77,1.44,2.9,Cluster 1
536,0.74,2.24,2.63,0.72,1.4,3.76,3.2,2.75,1.63,2.48,Cluster 2
537,0.64,1.04,2.35,0.51,1.42,1.66,3.19,2.66,2.21,2.5,Cluster 1
538,0.61,1.84,0.61,0.47,2.18,2.5,3.18,2.83,1.92,2.98,Cluster 2
539,0.96,1.16,0.36,0.42,0.22,2.8,3.18,2.83,1.98,2.64,Cluster 2
540,0.8,1.36,0.75,0.35,0.9,1.78,3.18,2.86,1.22,2.82,Cluster 1
541,1.44,0.28,0.18,0.34,0.26,1.74,3.17,2.64,0.9,2.88,Cluster 0
542,0.83,1.08,0.24,0.46,0.5,1.52,3.18,2.98,1.98,2.8,Cluster 0
543,0.7,1.56,0.96,0.4,1.18,1.88,3.17,2.77,1.06,3.34,Cluster 1
544,0.99,1.04,1.17,0.57,0.98,2.1,3.19,2.74,1.38,2.4,Cluster 1
545,0.86,2.96,0.24,0.41,0.72,1.62,3.18,2.98,1.54,2.98,Cluster 0
546,0.61,1.64,0.18,0.46,1.02,1.9,3.17,2.59,1.34,3.04,Cluster 0
547,0.96,1.48,0.21,0.58,0.42,1.28,3.18,2.95,1.98,2.66,Cluster 0
548,0.96,1.92,1.18,0.61,0.9,1.98,3.18,2.82,1.7,2.62,Cluster 1
549,0.96,1.32,0.34,0.48,0.82,1.7,3.17,2.95,1.34,3.34,Cluster 0
550,1.23,1.0,0.59,0.35,1.02,1.62,3.18,2.85,2.02,2.98,Cluster 0
551,1.06,1.04,2.5,0.56,1.78,2.8,3.2,2.72,2.18,2.54,Cluster 2
552,0.9,0.88,1.17,0.47,0.7,2.1,3.18,3.06,2.05,2.62,Cluster 1
553,1.63,1.2,0.67,0.75,1.02,2.2,3.18,2.85,1.34,2.42,Cluster 2
554,0.67,2.4,0.34,0.53,1.26,2.2,3.18,2.71,1.73,2.7,Cluster 2
555,0.7,0.88,2.66,0.5,1.04,1.46,3.19,2.88,1.54,2.4,Cluster 1
556,0.58,1.48,0.24,0.49,0.42,1.38,3.18,2.82,1.6,2.88,Cluster 0
557,0.96,0.88,0.22,0.53,0.42,1.8,3.18,2.74,2.46,2.78,Cluster 0
558,0.96,1.0,0.3,0.33,0.88,1.58,3.17,2.98,2.11,3.34,Cluster 0
559,1.06,0.8,0.29,0.35,1.3,2.12,3.18,3.03,1.7,2.94,Cluster 2
560,0.74,0.8,1.82,0.5,1.2,1.74,3.18,2.63,1.63,2.58,Cluster 1
561,0.93,1.6,3.11,0.49,0.96,2.08,3.2,2.61,1.5,2.38,Cluster 1
562,0.9,0.88,1.94,0.55,1.12,2.18,3.18,2.85,1.47,2.7,Cluster 1
563,0.7,1.52,1.46,0.5,0.94,1.7,3.18,2.64,0.96,2.94,Cluster 1
564,0.77,1.56,0.24,0.62,0.98,2.1,3.18,2.86,1.66,2.48,Cluster 2
565,0.99,1.08,1.41,0.24,1.52,2.08,3.18,2.74,1.22,2.94,Cluster 2
566,0.74,1.68,2.89,0.57,0.94,1.92,3.2,2.86,1.34,2.34,Cluster 1
567,0.7,1.6,2.36,0.48,1.18,1.73,3.2,2.98,1.31,2.42,Cluster 1
568,1.15,2.12,2.06,0.56,1.68,1.86,3.19,2.62,1.44,2.42,Cluster 1
569,0.58,1.2,0.32,0.43,1.04,2.54,3.18,2.95,1.18,3.26,Cluster 2
570,0.9,2.16,2.06,0.56,1.66,2.17,3.19,2.72,1.44,2.42,Cluster 2
571,0.74,1.36,0.21,0.29,0.62,1.48,3.17,2.98,1.18,3.38,Cluster 0
572,0.77,1.08,1.82,0.39,1.06,2.32,3.19,2.85,1.41,2.4,Cluster 2
573,0.67,1.76,0.3,0.41,0.26,1.58,3.18,2.67,2.24,3.42,Cluster 0
574,0.96,1.44,0.72,0.62,0.82,2.7,3.18,3.02,1.82,2.78,Cluster 2
575,0.74,1.28,1.36,0.66,1.26,2.48,3.18,2.83,1.28,2.64,Cluster 2
576,0.77,0.88,0.24,0.43,1.02,2.1,3.18,3.03,1.76,2.64,Cluster 2
577,0.64,1.48,0.24,0.56,0.74,1.72,3.18,2.8,1.66,2.88,Cluster 0
578,0.67,1.48,0.26,0.56,0.62,1.26,3.18,2.81,1.54,2.9,Cluster 0
579,0.86,0.96,0.74,1.12,0.96,1.7,3.18,2.8,1.57,2.56,Cluster 1
580,0.83,1.36,1.07,0.33,0.56,2.16,3.18,2.74,1.6,2.82,Cluster 1
581,0.64,1.36,1.52,0.47,1.02,2.68,3.18,2.79,1.41,2.7,Cluster 2
582,0.9,1.2,0.85,0.62,1.18,2.14,3.18,2.78,1.54,2.74,Cluster 2
583,0.67,1.6,0.19,0.45,1.02,1.42,3.18,2.86,1.73,2.88,Cluster 0
584,1.06,1.28,0.16,0.47,1.04,1.6,3.17,2.72,1.18,3.26,Cluster 0
585,1.47,1.04,0.43,0.48,0.74,1.1,3.17,3.01,1.63,3.2,Cluster 0
586,0.48,1.12,0.7,0.33,0.38,1.42,3.18,2.88,1.47,2.78,Cluster 0
587,0.96,1.6,0.29,0.32,0.62,1.62,3.18,2.79,1.25,2.9,Cluster 0
588,0.58,1.04,2.77,0.58,0.46,1.98,3.19,2.66,1.38,2.5,Cluster 1
589,0.93,2.08,0.27,0.39,1.1,2.58,3.18,2.89,1.89,2.78,Cluster 2
590,0.96,1.12,0.91,0.5,0.82,1.66,3.18,2.81,1.63,2.72,Cluster 1
591,0.83,1.32,0.18,0.31,1.22,1.5,3.17,2.98,1.38,3.04,Cluster 0
592,0.7,2.28,0.22,2.38,0.38,1.28,3.18,2.81,1.38,2.66,Cluster 0
593,0.83,1.96,1.33,0.54,1.44,2.54,3.18,2.87,1.28,2.74,Cluster 2
594,1.12,0.8,0.91,0.39,0.48,1.56,3.18,2.96,1.38,2.7,Cluster 0
595,1.76,0.6,1.57,0.35,0.5,1.66,3.18,2.98,1.5,2.72,Cluster 1
596,0.96,1.32,0.37,0.49,0.74,1.66,3.17,2.97,1.41,3.36,Cluster 0
597,0.77,1.08,0.22,0.65,0.88,2.02,3.18,2.86,1.79,2.54,Cluster 0
598,0.86,0.96,2.02,0.5,1.28,1.58,3.19,2.7,1.79,2.66,Cluster 1
599,1.12,2.96,0.16,0.5,0.48,1.76,3.18,2.78,1.76,2.72,Cluster 0
600,0.64,1.36,0.91,0.4,0.86,1.1,3.18,2.83,1.47,3.06,Cluster 0
601,1.15,0.8,0.26,3.1,0.64,1.86,3.18,2.77,2.02,2.62,Cluster 0
602,0.67,2.2,2.34,0.61,0.9,2.12,3.19,2.61,1.41,2.46,Cluster 1
603,0.77,1.48,0.29,0.35,0.16,0.82,3.17,2.94,1.09,3.26,Cluster 0
604,1.22,0.68,1.41,0.91,1.34,2.82,3.19,3.09,2.11,2.5,Cluster 2
605,0.64,1.2,0.94,0.39,0.94,2.02,3.19,3.09,1.28,2.26,Cluster 1
606,1.09,1.0,1.02,0.4,1.02,1.38,3.18,2.58,0.74,3.26,Cluster 1
607,1.31,1.36,0.75,0.48,0.5,1.7,3.18,2.89,1.34,2.78,Cluster 0
608,1.06,3.12,1.58,0.48,0.56,3.34,3.18,2.67,1.76,2.94,Cluster 2
609,0.7,1.32,0.34,0.59,0.4,1.02,3.18,2.85,1.31,2.82,Cluster 0
610,0.66,0.64,2.01,0.58,0.82,1.54,3.18,3.02,1.22,2.88,Cluster 1
611,0.74,1.04,1.3,0.62,1.26,2.42,3.18,2.78,1.57,2.5,Cluster 2
612,0.83,0.92,0.82,0.39,1.28,2.14,3.18,3.39,1.63,2.8,Cluster 2
613,0.67,1.28,0.26,0.51,1.02,1.26,3.17,2.87,3.01,3.3,Cluster 0
614,1.87,0.28,1.14,0.5,0.9,1.94,3.18,2.97,1.82,2.58,Cluster 1
615,0.54,1.16,0.38,0.33,1.38,1.58,3.17,2.7,1.06,3.44,Cluster 0
616,0.7,1.44,0.22,0.64,0.56,2.04,3.18,2.85,1.7,2.78,Cluster 0
617,1.82,1.56,0.62,0.39,0.58,1.62,3.18,2.93,2.14,3.42,Cluster 0
618,1.25,1.04,0.43,0.43,1.04,2.5,3.18,3.03,1.6,2.88,Cluster 2
619,0.96,1.32,0.56,0.38,0.66,1.54,3.17,2.85,1.41,3.12,Cluster 0
620,0.74,1.32,0.16,0.49,1.22,1.46,3.17,2.7,2.08,2.88,Cluster 0
621,0.8,1.8,1.25,0.55,1.38,2.5,3.18,2.85,1.7,2.42,Cluster 2
622,0.99,1.32,2.03,0.43,0.88,1.54,3.18,2.7,2.08,2.78,Cluster 1
623,0.74,0.96,0.62,0.51,0.96,1.84,3.18,2.8,2.05,3.02,Cluster 1
624,0.9,1.48,1.46,0.42,0.42,1.02,3.18,2.71,1.73,2.96,Cluster 0
625,1.66,0.24,0.43,0.59,0.8,1.06,3.18,2.95,1.38,2.48,Cluster 0
626,0.8,1.92,1.6,0.5,2.08,3.2,3.19,2.89,1.5,2.54,Cluster 2
627,0.75,1.08,1.88,0.34,0.9,1.58,3.18,2.73,1.6,2.5,Cluster 1
628,0.7,0.88,0.19,0.43,0.14,1.66,3.17,2.75,1.18,2.98,Cluster 0
629,0.58,1.44,0.21,0.41,1.06,1.56,3.18,2.9,3.04,2.54,Cluster 0
630,0.7,1.36,0.19,0.41,0.86,1.28,3.17,2.72,2.37,3.1,Cluster 0
631,2.05,1.2,0.19,0.34,0.48,1.02,3.17,2.81,1.92,3.44,Cluster 0
632,0.51,1.2,0.42,0.49,0.9,1.2,3.17,2.56,1.5,2.98,Cluster 0
633,0.61,1.2,2.05,0.61,1.3,3.06,3.19,2.79,1.57,2.42,Cluster 2
634,0.83,1.96,0.83,0.46,0.5,1.34,3.18,2.78,1.09,2.7,Cluster 0
635,0.8,1.12,1.6,0.63,1.5,1.74,3.18,2.86,1.12,2.9,Cluster 1
636,0.86,1.4,1.25,0.55,2.02,2.62,3.18,2.88,1.38,2.54,Cluster 2
637,1.38,0.96,1.07,0.66,1.06,2.18,3.18,2.85,1.31,2.64,Cluster 2
638,1.06,1.44,0.42,0.58,0.7,1.68,3.17,2.95,1.7,3.38,Cluster 0
639,0.51,1.96,0.21,0.42,0.72,1.38,3.18,2.87,1.82,2.82,Cluster 0
640,1.73,0.84,2.61,0.63,1.1,2.42,3.19,2.98,1.73,2.78,Cluster 2
641,0.54,2.96,0.38,0.61,1.62,2.42,3.18,3.22,2.43,2.8,Cluster 2
642,1.09,2.76,0.21,0.66,0.32,2.28,3.18,2.72,1.5,2.58,Cluster 2
643,0.74,1.56,0.24,0.61,0.7,1.42,3.18,2.82,1.5,2.96,Cluster 0
644,0.93,2.24,1.9,0.49,1.76,3.06,3.19,2.69,2.02,2.48,Cluster 2
645,0.61,1.56,0.19,0.41,0.86,1.14,3.18,2.81,1.6,2.8,Cluster 0
646,0.94,0.8,0.35,0.56,0.48,1.78,3.18,2.86,2.18,2.66,Cluster 0
647,0.64,1.52,0.21,0.39,0.98,1.38,3.16,2.77,1.66,3.38,Cluster 0
648,0.38,1.44,0.34,0.5,1.26,1.94,3.18,2.9,2.37,3.04,Cluster 2
649,1.09,1.96,1.17,0.51,1.62,2.74,3.18,2.74,1.28,2.4,Cluster 2
650,0.58,1.24,0.26,0.56,0.96,1.7,3.18,3.2,2.14,2.78,Cluster 0
651,0.8,1.32,0.34,0.24,0.46,1.02,3.17,2.9,1.44,3.28,Cluster 0
652,0.61,1.56,0.19,0.41,0.86,1.14,3.18,2.81,1.6,2.8,Cluster 0
653,0.7,1.32,0.32,0.51,0.82,1.34,3.18,3.04,1.76,3.04,Cluster 0
654,0.48,1.12,2.35,0.58,0.78,1.98,3.19,2.63,1.25,2.4,Cluster 1
655,0.74,1.56,2.27,0.66,1.3,2.56,3.19,2.65,1.54,2.4,Cluster 2
656,0.7,1.64,1.07,0.39,1.04,1.54,3.18,2.82,1.47,3.06,Cluster 1
657,1.34,0.76,1.1,0.47,1.66,2.0,3.18,2.87,1.18,2.66,Cluster 1
658,0.72,1.6,0.67,0.34,0.78,1.58,3.17,3.18,1.15,3.42,Cluster 0
659,0.8,1.8,0.37,0.51,1.06,1.58,3.17,2.81,1.54,3.18,Cluster 0
660,0.99,1.96,2.46,0.53,0.34,1.58,3.2,2.82,1.44,2.54,Cluster 1
661,1.09,0.64,1.12,0.42,0.7,1.54,3.18,3.07,1.44,2.66,Cluster 1
662,0.7,0.8,2.56,0.5,1.1,1.5,3.19,2.86,1.47,2.38,Cluster 1
663,0.93,0.92,0.18,0.5,1.02,2.4,3.17,2.91,1.09,3.18,Cluster 2
664,1.06,1.28,1.3,0.43,0.24,0.46,3.17,2.86,1.15,3.38,Cluster 0
665,1.5,1.16,2.37,0.27,0.58,1.9,3.18,2.78,1.54,3.2,Cluster 1
666,1.95,1.52,1.94,3.44,0.64,2.94,3.2,2.62,1.54,2.46,Cluster 2
667,1.25,1.04,1.58,0.67,0.88,2.42,3.18,2.7,1.34,2.9,Cluster 2
668,0.54,1.16,0.8,0.32,0.66,1.44,3.17,2.79,1.09,3.28,Cluster 0
669,0.51,1.48,0.21,0.41,1.2,1.66,3.17,2.83,1.63,3.3,Cluster 0
670,1.63,0.96,0.34,0.49,0.38,2.06,3.17,2.86,1.92,3.46,Cluster 0
671,0.77,1.6,2.46,0.59,2.16,2.64,3.19,2.85,2.21,2.5,Cluster 2
672,1.76,0.68,1.31,0.46,0.34,0.8,3.18,2.74,0.96,2.54,Cluster 0
673,0.86,1.0,0.29,0.47,0.24,1.46,3.18,2.74,1.73,2.4,Cluster 0
674,0.83,0.6,0.19,0.61,0.94,1.66,3.18,2.74,1.47,2.34,Cluster 0
675,0.58,1.96,0.18,0.38,0.74,1.08,3.18,2.66,2.18,2.78,Cluster 0
676,0.77,1.16,0.32,0.26,0.5,1.14,3.17,2.89,1.44,3.34,Cluster 0
677,2.26,0.4,2.08,0.5,1.18,2.86,3.19,2.75,1.6,2.42,Cluster 2
678,1.66,1.04,0.91,0.43,0.72,1.74,3.17,2.77,0.86,3.46,Cluster 1
679,0.8,1.56,0.34,0.41,0.8,1.66,3.17,2.91,1.38,3.26,Cluster 0
680,1.02,1.04,0.24,0.65,0.46,1.88,3.18,2.88,1.15,2.86,Cluster 0
681,0.96,1.16,0.45,0.29,0.98,1.42,3.18,2.94,2.02,3.02,Cluster 0
682,0.83,0.96,1.47,0.5,1.46,2.02,3.18,2.94,1.22,2.5,Cluster 1
683,0.96,1.96,0.26,0.51,0.82,1.34,3.18,3.02,1.89,2.72,Cluster 0
684,0.86,1.84,1.78,0.61,1.18,2.36,3.19,2.82,2.14,2.5,Cluster 2
685,0.9,1.0,2.06,0.62,0.9,2.52,3.19,2.89,1.38,2.4,Cluster 2
686,0.77,1.36,0.75,0.46,1.14,2.14,3.18,2.85,1.89,2.82,Cluster 2
687,1.02,1.4,0.22,0.57,0.22,2.18,3.18,2.88,1.34,2.86,Cluster 0
688,0.9,1.68,0.29,0.35,0.8,1.24,3.18,2.74,1.25,3.04,Cluster 0
689,0.7,1.28,0.94,0.62,1.06,2.02,3.18,2.85,1.82,2.88,Cluster 1
690,0.83,0.72,0.22,0.39,0.48,1.8,3.18,2.95,1.12,2.72,Cluster 0
691,0.77,1.48,0.98,0.31,1.02,1.5,3.17,2.83,1.09,3.3,Cluster 1
692,0.93,1.28,0.22,0.25,0.46,0.62,3.17,2.98,1.12,3.06,Cluster 0
693,0.77,1.88,0.21,0.49,0.48,1.74,3.18,2.83,1.44,2.94,Cluster 0
694,0.96,1.8,0.56,2.25,2.02,2.4,3.18,2.69,1.25,2.42,Cluster 2
695,0.7,1.32,0.27,0.47,1.78,2.18,3.18,2.95,1.79,2.78,Cluster 2
696,1.66,2.16,1.26,0.41,0.62,2.26,3.18,2.9,1.5,3.26,Cluster 2
697,1.34,0.8,0.22,0.69,0.4,2.24,3.18,2.72,1.28,2.5,Cluster 0
698,0.83,1.04,0.35,0.4,0.26,0.96,3.17,2.77,1.54,3.24,Cluster 0
699,0.74,1.96,1.25,0.4,0.58,1.26,3.18,2.7,1.09,3.2,Cluster 0
700,0.45,1.96,0.94,0.61,0.58,1.58,3.18,2.98,1.15,2.5,Cluster 1
701,0.7,1.96,1.66,0.55,1.38,2.6,3.19,2.94,1.41,2.72,Cluster 2
702,1.09,2.96,1.79,0.79,1.18,2.0,3.19,2.66,2.59,2.46,Cluster 2
703,0.67,1.96,0.29,0.43,1.18,2.02,3.17,2.95,1.41,3.36,Cluster 2
704,1.54,1.28,0.22,0.24,0.58,1.62,3.17,2.8,1.7,3.38,Cluster 0
705,0.64,1.52,0.16,0.42,0.56,0.98,3.18,2.86,1.18,2.94,Cluster 0
706,0.8,0.96,0.27,0.55,0.7,1.66,3.18,2.99,1.92,2.7,Cluster 0
707,0.83,0.76,1.31,0.58,1.42,2.5,3.18,2.81,1.66,2.58,Cluster 2
708,1.31,0.2,0.24,0.72,0.46,1.6,3.18,2.86,1.79,2.46,Cluster 0
709,0.7,1.44,0.88,0.33,0.8,1.4,3.18,2.85,1.5,3.14,Cluster 0
710,1.34,1.04,1.47,0.66,0.9,2.66,3.19,2.79,1.76,2.48,Cluster 2
711,0.54,1.28,0.26,0.61,1.26,2.0,3.18,2.93,2.43,2.56,Cluster 2
712,1.28,1.28,0.27,0.4,1.04,1.12,3.17,3.19,1.54,3.38,Cluster 0
713,1.02,1.24,0.27,0.41,1.22,2.6,3.18,2.7,1.54,2.8,Cluster 2
714,0.96,1.96,0.75,0.41,0.46,1.4,3.18,2.9,2.18,3.3,Cluster 0
715,1.06,1.64,0.32,0.31,0.38,1.06,3.17,2.9,2.02,3.3,Cluster 0
716,0.54,1.08,0.24,0.42,0.54,1.3,3.18,3.07,1.34,2.94,Cluster 0
717,0.7,2.12,2.42,0.59,0.58,1.82,3.19,2.62,1.12,2.5,Cluster 1
718,1.31,0.92,2.37,0.62,0.74,2.32,3.2,2.82,1.57,2.58,Cluster 1
719,1.02,0.92,2.59,0.63,0.96,2.34,3.19,2.9,1.73,2.42,Cluster 2
720,0.45,1.36,0.21,0.63,1.34,2.04,3.18,2.93,2.56,2.56,Cluster 2
721,0.99,1.12,0.22,0.4,0.74,1.42,3.16,2.66,1.28,3.52,Cluster 0
722,1.09,0.8,0.93,0.71,1.38,2.7,3.18,2.82,1.41,2.62,Cluster 2
723,1.22,0.56,0.62,0.69,0.72,1.5,3.18,2.73,1.09,2.46,Cluster 0
724,0.74,1.2,0.29,0.38,0.42,1.22,3.17,2.91,1.28,3.14,Cluster 0
725,0.8,2.04,1.28,0.54,1.62,2.52,3.18,2.86,1.57,2.46,Cluster 2
726,0.58,0.76,0.75,0.53,1.52,2.14,3.18,2.95,2.11,2.8,Cluster 2
727,0.99,1.36,1.18,0.67,0.96,2.32,3.19,3.07,1.98,2.96,Cluster 2
728,0.86,2.96,0.21,1.98,0.9,1.62,3.18,2.7,1.47,2.46,Cluster 0
729,1.63,1.16,1.81,0.39,1.62,2.98,3.19,2.79,1.79,2.54,Cluster 2
730,1.09,1.44,1.42,0.33,1.18,1.7,3.18,2.91,1.12,3.18,Cluster 1
731,0.61,1.24,0.26,0.71,0.82,2.3,3.18,2.98,1.41,3.12,Cluster 2
732,1.06,0.56,0.77,0.59,0.72,1.7,3.18,2.86,1.54,2.5,Cluster 1
733,0.61,1.4,2.16,0.43,1.3,1.58,3.18,2.66,2.02,2.86,Cluster 1
734,0.61,1.32,0.21,0.35,0.58,1.16,3.17,2.74,1.98,3.28,Cluster 0
735,0.7,1.08,0.26,0.65,1.2,1.3,3.18,2.93,1.41,2.64,Cluster 0
736,0.93,1.92,0.37,0.56,0.96,2.38,3.18,2.82,2.05,2.82,Cluster 2
737,0.8,1.12,1.78,0.64,1.2,2.34,3.19,3.04,1.38,2.54,Cluster 2
738,0.64,1.24,1.18,0.61,0.86,2.82,3.18,2.94,1.89,2.78,Cluster 2
739,1.18,1.36,0.51,0.32,1.12,2.16,3.17,2.67,1.06,3.3,Cluster 2
740,0.9,2.04,1.26,0.64,1.3,2.74,3.18,2.82,1.66,2.5,Cluster 2
741,0.86,0.72,1.23,0.55,1.2,2.48,3.18,2.87,1.5,2.4,Cluster 2
742,0.74,1.0,0.26,0.41,0.74,1.9,3.18,2.94,1.73,2.74,Cluster 0
743,1.09,1.2,0.29,0.51,1.18,1.9,3.18,2.66,1.44,2.88,Cluster 0
744,0.83,1.36,1.02,0.39,0.7,1.32,3.18,2.87,1.31,2.46,Cluster 0
745,0.82,2.6,0.19,0.9,0.46,1.82,3.18,2.85,1.34,2.5,Cluster 0
746,0.9,1.44,0.29,0.47,1.02,1.2,3.17,2.9,3.14,3.18,Cluster 0
747,0.96,2.84,0.21,1.83,1.18,1.98,3.18,2.74,1.34,2.38,Cluster 2
748,0.67,1.12,0.43,0.38,1.02,1.26,3.17,2.66,1.38,3.14,Cluster 0
749,0.99,1.04,0.77,0.42,0.96,1.98,3.18,2.86,1.31,2.78,Cluster 1
750,0.74,1.52,2.29,0.66,1.46,2.58,3.19,2.74,1.41,2.4,Cluster 2
751,1.02,1.52,0.76,0.38,0.62,1.26,3.17,3.04,1.34,3.14,Cluster 0
752,1.22,1.36,1.33,0.59,1.18,2.24,3.19,2.77,1.66,2.46,Cluster 2
753,1.12,1.04,1.09,0.39,0.96,1.6,3.18,3.01,1.28,3.06,Cluster 1
754,1.28,1.68,0.99,0.75,1.1,2.34,3.18,2.78,1.73,2.5,Cluster 2
755,1.28,1.28,0.96,0.39,1.34,1.7,3.18,3.12,1.86,3.34,Cluster 1
756,1.33,0.76,0.26,0.45,0.72,1.18,3.18,3.14,1.31,2.66,Cluster 0
757,0.7,1.12,0.35,0.46,0.64,1.66,3.18,2.83,1.54,2.8,Cluster 0
758,0.74,1.6,1.58,0.41,0.64,1.18,3.18,2.69,1.34,2.8,Cluster 1
759,1.7,0.96,0.13,0.33,0.78,1.14,3.18,2.81,1.02,2.42,Cluster 0
760,0.77,1.04,1.31,0.62,1.26,2.42,3.18,2.78,1.6,2.54,Cluster 2
761,0.99,1.48,0.99,0.59,0.34,2.18,3.18,2.88,1.25,2.34,Cluster 1
762,1.09,1.56,0.83,0.46,1.2,2.18,3.18,2.94,1.5,3.3,Cluster 2
763,1.02,1.28,1.33,0.49,0.86,1.4,3.18,2.88,1.5,2.98,Cluster 1
764,0.74,1.48,1.26,0.57,1.6,2.0,3.18,2.54,1.57,2.48,Cluster 2
765,1.02,1.32,1.58,0.37,0.58,1.2,3.18,2.75,1.38,3.22,Cluster 1
766,0.7,1.68,0.37,0.61,0.72,1.52,3.18,2.66,1.38,2.66,Cluster 0
767,1.02,0.96,0.99,0.55,0.82,3.04,3.18,2.87,1.98,2.5,Cluster 2
768,1.02,0.96,0.21,0.69,1.14,2.72,3.18,3.19,1.63,2.46,Cluster 2
769,1.34,0.56,1.71,0.53,0.48,1.26,3.18,2.86,1.06,2.86,Cluster 1
770,0.74,1.6,1.2,0.46,1.34,2.02,3.18,2.77,0.86,3.04,Cluster 2
771,0.64,1.4,0.98,0.29,0.26,0.54,3.18,2.48,1.66,2.9,Cluster 0
772,0.8,0.96,1.18,0.5,0.56,1.5,3.18,3.01,1.86,2.8,Cluster 1
773,0.99,1.2,0.14,0.51,0.42,1.46,3.18,2.62,1.25,2.7,Cluster 0
774,0.42,1.52,0.29,0.53,0.38,1.52,3.18,2.95,2.88,3.12,Cluster 0
775,1.41,0.72,1.23,1.1,0.74,2.8,3.19,3.17,2.3,2.46,Cluster 2
776,0.67,1.6,0.27,0.35,1.28,1.78,3.18,3.04,1.57,3.06,Cluster 0
777,0.74,1.68,1.18,0.5,1.5,2.52,3.18,2.86,1.54,2.48,Cluster 2
778,1.25,0.96,0.16,0.55,0.22,1.58,3.18,2.66,0.99,2.7,Cluster 0
779,0.74,1.36,0.21,0.29,0.62,1.48,3.17,2.98,1.18,3.38,Cluster 0
780,0.86,1.2,2.08,0.54,1.84,2.14,3.19,2.81,1.6,2.56,Cluster 2
781,0.8,1.28,1.95,0.47,1.14,1.7,3.18,2.87,1.7,2.78,Cluster 1
782,0.74,1.28,0.21,0.55,1.58,1.5,3.18,2.75,1.76,2.94,Cluster 0
783,1.01,1.08,0.25,0.3,0.4,0.94,3.17,2.99,1.28,3.18,Cluster 0
784,0.9,1.16,0.43,0.43,0.7,1.42,3.17,2.95,1.31,3.1,Cluster 0
785,0.8,0.84,2.49,0.45,0.74,2.12,3.19,3.1,2.05,2.56,Cluster 1
786,0.77,1.32,1.97,0.53,0.82,1.94,3.19,2.98,1.28,2.54,Cluster 1
787,0.51,1.96,0.19,0.63,0.48,2.0,3.18,2.87,1.5,2.98,Cluster 0
788,0.9,1.08,0.75,0.34,1.5,1.86,3.17,2.81,1.34,3.34,Cluster 1
789,0.74,1.24,1.71,0.43,1.58,2.48,3.19,2.78,1.76,2.54,Cluster 2
790,0.86,1.2,2.22,0.33,0.9,1.74,3.18,2.98,1.6,3.2,Cluster 1
791,0.83,1.32,2.86,0.56,1.1,2.6,3.2,2.72,1.41,2.42,Cluster 2
792,1.02,2.0,1.71,0.54,1.52,2.74,3.19,2.74,1.92,2.5,Cluster 2
793,1.82,1.16,0.35,0.46,0.4,1.02,3.18,2.95,2.37,2.72,Cluster 0
794,0.8,0.88,0.53,0.55,1.1,2.14,3.18,2.81,1.6,2.8,Cluster 2
795,2.14,1.92,2.02,0.59,1.52,2.96,3.19,2.82,1.66,2.48,Cluster 2
796,0.51,1.48,0.24,0.42,0.72,1.46,3.18,3.01,1.6,2.62,Cluster 0
797,0.83,1.28,0.21,0.55,0.62,1.02,3.17,2.63,1.47,3.2,Cluster 0
798,0.9,1.36,2.21,0.47,0.86,2.14,3.19,2.78,1.28,2.64,Cluster 1
799,0.67,1.44,2.9,0.53,0.86,1.78,3.2,2.9,1.54,2.34,Cluster 1
800,1.22,1.12,0.45,0.49,0.46,0.9,3.17,2.86,1.5,3.52,Cluster 0
801,1.09,1.04,1.65,0.47,1.36,2.22,3.18,2.74,1.12,3.1,Cluster 2
802,1.17,0.32,2.16,0.47,0.98,1.9,3.19,3.07,1.25,2.64,Cluster 1
803,1.31,0.04,0.98,0.55,0.54,0.94,3.18,2.83,1.34,2.66,Cluster 0
804,0.64,1.64,1.46,0.5,1.34,2.22,3.18,2.79,1.86,2.62,Cluster 2
805,0.8,1.96,2.69,0.55,1.34,3.04,3.2,2.7,1.66,2.46,Cluster 2
806,0.67,1.12,0.24,0.58,1.22,1.9,3.18,2.87,1.34,2.7,Cluster 0
807,0.8,1.04,2.0,0.56,1.4,1.6,3.19,2.74,1.44,2.5,Cluster 1
808,0.96,2.0,1.94,0.51,1.02,1.7,3.19,2.7,1.7,2.38,Cluster 1
809,1.15,2.08,1.62,0.57,0.78,1.86,3.19,2.73,1.28,2.5,Cluster 1
810,0.83,0.96,0.21,0.61,1.76,2.0,3.18,2.86,1.98,2.78,Cluster 2
811,0.99,1.2,1.6,0.53,1.3,2.82,3.18,3.33,1.76,3.18,Cluster 2
812,0.96,3.64,1.31,0.39,1.34,2.66,3.18,3.02,1.57,3.12,Cluster 2
813,1.25,0.96,0.77,0.42,1.2,1.84,3.18,2.87,1.38,2.98,Cluster 1
814,0.58,1.56,2.44,0.54,1.2,2.1,3.2,2.97,2.46,2.42,Cluster 1
815,0.93,1.2,1.46,0.58,0.66,2.22,3.18,2.88,1.79,3.02,Cluster 1
816,0.9,0.96,2.85,0.54,1.12,1.48,3.2,2.75,1.44,2.38,Cluster 1
817,0.58,1.32,1.28,0.58,0.42,1.74,3.19,2.91,1.41,2.32,Cluster 1
818,0.7,1.0,2.74,0.57,1.18,1.84,3.2,2.94,1.18,2.34,Cluster 1
819,0.51,1.08,2.48,0.57,0.66,1.8,3.19,2.58,1.38,2.32,Cluster 1
820,0.58,1.52,1.3,0.56,1.18,2.34,3.18,2.94,1.73,2.62,Cluster 2
821,0.83,1.36,1.02,0.57,0.96,2.18,3.18,2.83,2.24,3.06,Cluster 2
822,0.64,1.56,0.16,0.47,0.98,2.06,3.17,2.74,1.38,3.18,Cluster 0
823,1.47,0.96,1.84,0.58,1.5,2.28,3.18,2.74,1.79,2.62,Cluster 2
824,0.7,0.96,0.78,1.05,0.8,1.64,3.18,2.7,1.47,2.3,Cluster 1
825,0.67,1.36,1.28,0.65,0.5,1.34,3.18,2.66,1.89,2.5,Cluster 1
826,0.48,1.36,1.82,0.57,0.66,1.28,3.19,2.86,1.57,2.66,Cluster 1
827,1.18,1.24,0.75,0.43,0.08,1.7,3.18,2.58,2.3,3.22,Cluster 0
828,0.48,1.12,2.35,0.58,0.78,1.98,3.19,2.63,1.25,2.4,Cluster 1
829,0.93,1.76,0.58,2.29,2.0,2.42,3.18,2.69,1.31,2.42,Cluster 2
830,0.74,1.0,1.27,0.48,0.42,1.44,3.18,3.06,1.95,2.74,Cluster 1
831,0.67,1.68,0.19,0.51,0.64,1.68,3.18,2.74,2.78,2.9,Cluster 0
832,0.86,1.12,0.13,0.27,0.78,1.7,3.17,2.67,1.12,3.3,Cluster 0
833,1.01,1.52,0.42,0.38,0.26,0.92,3.17,2.78,1.89,2.88,Cluster 0
834,0.7,0.88,2.66,0.5,1.04,1.46,3.19,2.88,1.54,2.4,Cluster 1
835,1.02,1.44,2.38,0.47,1.26,2.54,3.19,2.74,0.99,2.66,Cluster 2
836,1.09,1.2,1.5,0.65,0.9,2.38,3.18,2.8,1.41,2.78,Cluster 2
837,1.02,1.56,0.53,1.3,0.64,1.86,3.18,2.74,1.44,2.46,Cluster 0
838,0.67,1.12,0.22,0.53,0.7,0.88,3.18,3.05,1.54,2.96,Cluster 0
839,0.64,1.2,0.75,0.47,1.06,1.98,3.18,2.81,1.12,2.72,Cluster 1
840,0.7,1.96,0.96,0.33,0.82,1.7,3.18,3.03,1.15,3.02,Cluster 1
841,0.83,1.12,1.5,0.32,0.34,1.62,3.18,2.82,1.09,3.22,Cluster 1
842,1.06,1.28,1.78,0.41,0.66,1.58,3.18,2.8,1.09,2.8,Cluster 1
843,0.64,1.24,0.16,0.35,0.58,0.98,3.17,2.88,1.66,3.02,Cluster 0
844,0.64,1.2,0.24,0.35,0.56,0.76,3.17,3.06,1.76,2.94,Cluster 0
845,0.96,1.44,1.6,0.48,0.88,2.26,3.19,2.87,1.63,2.48,Cluster 2
846,0.83,1.24,0.26,0.37,0.96,1.46,3.17,2.64,1.38,3.18,Cluster 0
847,0.9,1.36,0.74,0.62,0.58,1.74,3.18,2.85,1.47,3.2,Cluster 0
848,0.77,1.52,2.04,0.39,0.22,0.98,3.18,2.75,1.82,3.44,Cluster 0
849,0.61,1.52,0.82,0.22,0.58,1.1,3.17,2.71,1.15,3.34,Cluster 0
850,0.58,1.04,0.22,0.47,1.06,1.88,3.18,2.97,2.3,2.54,Cluster 0
851,0.96,1.96,1.5,0.53,1.26,2.5,3.19,2.79,1.54,2.66,Cluster 2
852,0.99,1.88,0.48,0.61,1.22,1.92,3.18,2.93,2.43,2.66,Cluster 2
853,1.18,0.92,1.52,0.65,1.44,2.22,3.18,2.87,1.34,2.66,Cluster 2
854,1.09,1.96,1.28,0.53,1.46,2.98,3.18,2.74,1.66,2.86,Cluster 2
855,1.54,1.44,0.56,0.34,0.82,1.8,3.17,2.79,1.22,3.26,Cluster 0
856,1.18,0.92,1.52,0.65,1.44,2.22,3.18,2.87,1.34,2.66,Cluster 2
857,0.58,1.64,2.27,0.45,1.26,1.72,3.19,2.91,2.3,2.74,Cluster 1
858,0.58,1.44,0.38,0.56,1.02,1.64,3.18,3.2,1.47,2.74,Cluster 0
859,1.09,1.24,2.62,0.58,0.54,1.94,3.19,2.72,1.73,2.42,Cluster 1
860,1.09,1.12,1.94,0.56,0.82,1.98,3.19,2.86,1.57,2.74,Cluster 1
861,0.64,1.56,0.42,0.5,0.8,2.4,3.18,3.07,1.41,2.88,Cluster 2
862,0.7,1.52,2.37,0.62,0.86,1.68,3.2,2.86,1.6,2.58,Cluster 1
863,0.77,1.04,0.27,0.38,1.62,1.78,3.17,2.83,2.59,3.18,Cluster 0
864,1.09,1.84,0.75,0.33,0.56,1.26,3.17,2.93,1.98,3.28,Cluster 0
865,0.51,1.0,0.21,0.39,0.74,1.64,3.18,2.9,1.76,3.04,Cluster 0
866,0.77,1.16,2.19,0.4,1.42,1.78,3.18,2.82,1.22,2.82,Cluster 1
867,0.93,0.64,0.22,0.43,3.26,3.13,3.18,2.8,1.5,2.66,Cluster 2
868,0.45,1.64,0.14,0.42,0.58,1.26,3.18,2.89,1.38,2.9,Cluster 0
869,1.89,0.28,1.12,0.51,0.96,1.96,3.18,2.97,1.82,2.58,Cluster 1
870,1.02,1.32,0.4,0.59,1.06,2.93,3.18,2.8,1.92,2.66,Cluster 2
871,0.83,1.12,0.27,0.49,0.64,1.3,3.17,2.79,1.41,3.34,Cluster 0
872,1.41,0.96,1.79,0.35,1.1,2.22,3.18,2.78,1.38,3.02,Cluster 2
873,0.48,1.16,0.8,0.66,0.74,1.4,3.18,3.13,1.41,2.72,Cluster 0
874,0.8,1.28,0.14,0.39,1.06,1.52,3.17,2.94,1.86,2.88,Cluster 0
875,0.48,1.32,0.75,0.67,0.82,1.58,3.18,3.05,1.25,2.4,Cluster 0
876,0.9,1.96,1.23,0.51,1.28,2.6,3.18,2.7,1.76,2.94,Cluster 2
877,1.34,1.36,0.38,0.25,0.9,1.3,3.17,2.86,1.22,3.42,Cluster 0
878,0.99,1.16,0.22,0.42,0.88,1.7,3.17,2.78,1.15,3.26,Cluster 0
879,0.86,1.28,1.09,0.54,1.26,2.58,3.18,2.87,1.25,3.04,Cluster 2
880,0.67,1.28,0.35,0.42,0.74,1.88,3.18,2.85,1.82,2.66,Cluster 0
881,0.38,1.52,0.14,0.39,0.96,1.14,3.17,2.49,1.76,3.2,Cluster 0
882,0.96,2.96,0.74,0.47,0.96,2.12,3.18,2.86,1.44,2.64,Cluster 2
883,0.58,1.2,2.05,0.71,0.5,2.28,3.19,2.66,1.66,2.4,Cluster 1
884,1.18,1.48,0.78,0.47,1.06,2.89,3.18,2.75,1.6,2.62,Cluster 2
885,0.9,1.4,2.45,0.64,0.82,1.56,3.2,2.9,1.6,2.56,Cluster 1
886,0.7,1.28,0.38,0.51,0.78,1.34,3.18,2.74,1.92,3.02,Cluster 0
887,0.58,1.68,0.82,0.41,0.18,1.02,3.18,2.81,1.66,3.12,Cluster 0
888,1.5,2.6,1.33,0.95,0.72,2.42,3.19,2.66,1.12,2.46,Cluster 2
889,0.83,1.6,0.18,0.48,0.24,0.8,3.18,2.57,1.6,2.82,Cluster 0
890,0.7,1.4,0.88,0.62,0.98,2.44,3.18,2.74,1.6,2.74,Cluster 2
891,1.02,1.68,0.21,0.53,0.38,2.48,3.18,2.74,1.54,2.56,Cluster 2
892,0.77,1.64,2.85,0.53,1.04,1.94,3.2,2.95,1.25,2.32,Cluster 1
893,0.48,1.96,0.18,0.55,0.56,1.3,3.18,2.83,1.54,2.46,Cluster 0
894,0.51,1.76,0.22,0.49,0.66,1.46,3.18,2.77,2.4,2.74,Cluster 0
895,0.8,0.96,0.29,0.61,0.16,1.62,3.18,2.87,2.24,3.04,Cluster 0
896,1.09,0.72,1.02,0.94,1.26,3.2,3.19,3.04,1.54,2.46,Cluster 2
897,1.02,1.04,0.74,0.35,0.7,1.6,3.18,3.02,2.34,3.34,Cluster 0
898,0.8,1.08,0.75,0.35,0.82,1.22,3.18,2.67,1.06,3.2,Cluster 0
899,0.54,1.36,1.02,0.48,0.42,1.48,3.18,2.66,1.28,2.88,Cluster 0
900,1.12,1.28,1.44,0.37,0.78,1.5,3.18,2.78,2.08,3.44,Cluster 1
901,0.67,1.4,2.32,0.55,0.94,2.38,3.19,2.71,1.5,2.38,Cluster 2
902,1.22,0.72,1.18,1.09,0.74,2.6,3.19,3.14,2.27,2.46,Cluster 2
903,0.67,2.88,0.26,1.91,1.74,1.6,3.18,2.64,1.63,2.46,Cluster 0
904,0.7,1.04,1.47,0.31,0.98,1.62,3.18,2.72,1.09,3.34,Cluster 1
905,1.79,0.6,1.6,0.42,1.02,2.1,3.19,2.91,1.66,2.5,Cluster 1
906,0.7,1.68,0.3,0.59,0.26,1.16,3.18,2.94,1.57,3.14,Cluster 0
907,0.77,1.64,2.85,0.53,1.04,1.94,3.2,2.95,1.25,2.32,Cluster 1
908,0.51,1.2,1.07,0.49,1.14,2.04,3.18,3.22,1.47,2.82,Cluster 1
909,0.74,1.4,1.1,0.34,1.2,1.54,3.18,2.49,1.73,2.94,Cluster 1
910,0.83,1.36,0.21,0.53,0.16,0.38,3.18,2.93,2.02,2.78,Cluster 0
911,0.9,1.24,1.15,0.46,1.26,2.24,3.18,2.93,1.82,2.82,Cluster 2
912,1.15,0.96,0.29,0.29,0.86,1.36,3.17,2.97,1.89,3.42,Cluster 0
913,0.7,1.52,1.65,0.67,0.74,1.32,3.19,2.78,1.5,2.66,Cluster 1
914,0.42,1.08,0.74,0.91,0.9,2.3,3.18,2.87,1.25,2.96,Cluster 2
915,0.7,1.8,3.62,1.37,1.46,1.62,3.19,2.75,1.12,3.42,Cluster 1
916,0.77,1.2,1.63,0.8,1.18,2.38,3.19,2.54,1.47,2.38,Cluster 2
917,0.77,1.28,1.01,0.34,0.9,1.72,3.18,3.13,1.31,2.78,Cluster 1
918,0.93,1.08,0.27,0.27,0.34,1.02,3.17,2.86,1.63,3.36,Cluster 0
919,0.61,1.28,0.59,0.47,0.7,1.02,3.18,2.58,1.82,2.8,Cluster 0
920,1.25,1.36,1.6,0.64,0.94,2.38,3.19,2.9,1.92,2.72,Cluster 2
921,1.18,1.32,0.19,0.32,0.34,1.08,3.17,2.99,1.22,3.12,Cluster 0
922,1.06,0.88,0.83,0.54,0.64,2.02,3.18,2.86,1.5,2.74,Cluster 1
923,0.9,1.36,1.42,0.55,0.86,1.48,3.18,2.89,1.73,2.94,Cluster 1
924,0.74,1.44,2.75,0.45,0.98,1.74,3.2,2.87,1.38,2.34,Cluster 1
925,0.83,1.36,2.3,0.77,0.94,2.52,3.19,2.73,1.7,2.42,Cluster 2
926,0.77,2.48,1.7,0.51,1.36,2.04,3.19,2.81,1.41,2.34,Cluster 2
927,0.99,1.2,0.14,0.51,0.42,1.46,3.18,2.62,1.25,2.7,Cluster 0
928,0.64,1.32,0.27,0.57,0.74,2.38,3.18,2.81,1.38,2.4,Cluster 2
929,0.83,1.24,0.35,0.5,0.78,1.7,3.18,2.97,2.05,2.9,Cluster 0
930,1.12,1.6,1.01,0.45,0.94,2.16,3.18,2.8,1.09,3.18,Cluster 2
931,0.83,1.08,2.91,0.55,1.38,2.24,3.2,2.98,1.41,2.5,Cluster 2
932,0.9,1.2,1.33,0.3,0.98,1.5,3.18,2.66,1.22,3.28,Cluster 1
933,0.67,1.12,0.43,0.39,0.62,1.48,3.18,2.98,2.05,2.72,Cluster 0
934,0.61,1.16,0.19,0.53,0.78,1.22,3.17,2.86,1.7,3.02,Cluster 0
935,0.64,1.08,1.54,0.42,0.5,1.4,3.18,2.7,1.18,2.8,Cluster 1
936,0.83,0.96,1.15,0.43,0.74,1.82,3.18,2.98,1.92,2.78,Cluster 1
937,0.9,1.64,1.12,0.53,1.58,2.58,3.18,2.79,1.54,2.5,Cluster 2
938,0.8,1.52,1.26,0.51,1.44,2.78,3.18,2.82,1.47,2.42,Cluster 2
939,0.74,1.2,1.14,0.42,1.68,3.14,3.18,2.72,1.09,2.46,Cluster 2
940,1.22,1.0,1.57,0.46,0.74,2.54,3.19,2.91,1.95,2.46,Cluster 2
941,0.35,1.96,0.72,0.55,0.72,1.78,3.18,2.88,1.34,2.82,Cluster 1
942,0.7,1.8,2.27,0.43,1.42,1.88,3.2,2.7,1.47,2.46,Cluster 1
943,0.64,1.68,0.24,0.47,0.94,1.66,3.18,2.77,1.57,3.04,Cluster 0
944,0.67,1.48,0.4,0.55,1.86,1.84,3.18,2.96,2.4,3.04,Cluster 2
945,0.58,0.88,0.24,0.49,1.2,2.06,3.18,2.83,1.54,2.72,Cluster 2
946,1.15,1.48,0.77,0.22,1.04,1.52,3.17,2.74,1.57,3.38,Cluster 0
947,0.54,1.28,0.24,0.57,0.46,1.34,3.18,2.79,1.86,2.54,Cluster 0
948,0.93,2.12,0.27,0.46,1.1,2.56,3.18,2.9,1.89,2.78,Cluster 2
949,0.83,1.72,1.42,0.95,1.34,2.28,3.19,2.54,1.6,2.4,Cluster 2
950,0.64,1.28,0.8,0.18,0.82,1.34,3.18,2.66,1.25,2.94,Cluster 0
951,1.06,0.96,2.57,0.51,0.82,1.96,3.19,2.74,1.66,2.46,Cluster 1
952,0.93,2.08,1.26,0.56,0.94,2.56,3.18,2.81,1.63,2.54,Cluster 2
953,1.87,0.8,1.66,0.98,0.46,1.26,3.19,2.78,1.28,2.5,Cluster 1
954,1.25,0.84,1.71,1.12,0.34,1.22,3.19,2.7,1.5,2.48,Cluster 1
955,0.61,1.08,2.22,0.65,1.2,2.06,3.19,2.62,1.31,2.34,Cluster 1
956,0.86,1.8,1.33,0.57,1.38,2.62,3.18,2.82,1.54,2.54,Cluster 2
957,1.34,1.16,0.66,0.34,0.82,1.34,3.17,2.66,1.02,3.42,Cluster 0
958,0.61,1.44,0.3,0.4,0.8,1.28,3.18,2.8,1.73,2.88,Cluster 0
959,1.41,1.04,0.32,0.62,0.54,2.4,3.18,3.18,1.82,2.66,Cluster 2
960,0.58,1.24,1.95,0.61,1.22,1.86,3.19,2.72,1.7,2.38,Cluster 1
961,0.85,1.12,1.1,0.41,1.22,2.0,3.18,2.98,1.41,2.88,Cluster 1
962,0.61,1.4,0.24,0.42,0.98,1.42,3.17,2.82,2.18,3.2,Cluster 0
963,0.96,1.16,2.7,0.62,0.62,1.8,3.2,2.81,1.22,2.4,Cluster 1
964,1.25,1.24,0.43,0.62,0.72,2.7,3.18,3.07,1.82,2.8,Cluster 2
965,0.64,0.96,0.22,0.38,1.74,2.26,3.17,3.19,1.79,3.28,Cluster 2
966,0.91,1.96,1.82,0.4,1.52,1.82,3.19,2.74,1.73,2.38,Cluster 1
967,0.74,1.36,0.64,0.54,0.64,1.7,3.18,2.85,1.66,2.58,Cluster 0
968,0.51,1.2,0.22,0.73,0.9,2.22,3.18,2.77,1.34,3.05,Cluster 2
969,0.8,1.32,0.4,0.61,0.32,0.96,3.18,2.57,1.54,2.54,Cluster 0
970,0.58,1.96,0.24,0.47,1.04,1.74,3.18,2.7,1.57,2.62,Cluster 0
971,1.28,1.24,0.14,0.55,0.62,2.26,3.18,2.86,2.46,2.54,Cluster 2
972,1.22,1.16,0.38,1.55,0.4,1.24,3.18,2.82,1.92,2.54,Cluster 0
973,0.38,1.96,0.19,0.48,1.14,2.14,3.18,2.78,1.54,2.58,Cluster 2
974,1.02,2.44,1.89,0.47,1.76,2.5,3.19,2.66,1.73,2.48,Cluster 2
975,0.74,1.12,0.3,0.53,0.88,1.38,3.17,2.78,0.99,3.2,Cluster 0
976,1.25,0.92,1.12,0.38,0.78,1.68,3.18,2.79,1.34,2.8,Cluster 1
977,0.61,1.32,0.67,0.43,1.3,1.78,3.17,2.81,1.34,3.02,Cluster 1
978,0.93,0.2,0.13,0.43,0.3,0.4,3.18,2.98,1.12,2.46,Cluster 0
979,0.93,0.56,1.13,0.51,1.34,2.36,3.18,2.87,1.34,2.4,Cluster 2
